ID,種類,地域,市区町村コード,都道府県名,市区町村名,地区名,最寄駅：名称,最寄駅：距離（分）,間取り,面積（㎡）,土地の形状,間口,延床面積（㎡）,建築年,建物の構造,用途,今後の利用目的,前面道路：方位,前面道路：種類,前面道路：幅員（ｍ）,都市計画,建ぺい率（％）,容積率（％）,取引時点,改装,取引の事情等,取引価格（総額）_log
31018321,中古マンション等,,31202,鳥取県,米子市,東福原,米子,30分?60分,３ＬＤＫ,70,,,,平成17年,ＲＣ,住宅,,,,,第１種住居地域,60.0,200.0,2016年第3四半期,未改装,,7.146128035678238
31002701,中古マンション等,,31201,鳥取県,鳥取市,吉成,鳥取,15,４ＬＤＫ,75,,,,昭和64年,ＲＣ,,住宅,,,,準工業地域,60.0,200.0,2020年第2四半期,,,7.079181246047625
31000433,中古マンション等,,31201,鳥取県,鳥取市,川端,鳥取,9,２ＬＤＫ,65,,,,平成14年,ＳＲＣ,住宅,住宅,,,,商業地域,80.0,400.0,2020年第3四半期,改装済,,7.278753600952829
31017874,中古マンション等,,31202,鳥取県,米子市,観音寺新町,米子,30分?60分,３ＬＤＫ,70,,,,平成19年,ＲＣ,住宅,住宅,,,,第２種中高層住居専用地域,60.0,200.0,2016年第2四半期,未改装,,7.230448921378274
31012674,中古マンション等,,31201,鳥取県,鳥取市,湖山町西,鳥取大学前,4,,115,,,,平成3年,ＳＲＣ,事務所,,,,,近隣商業地域,80.0,200.0,2011年第2四半期,,調停・競売等,6.799340549453582
31011526,中古マンション等,,31202,鳥取県,米子市,加茂町,米子,15,４ＬＤＫ,70,,,,平成7年,ＲＣ,住宅,,,,,商業地域,80.0,400.0,2010年第3四半期,改装済,,6.832508912706237
31024551,中古マンション等,,31202,鳥取県,米子市,皆生温泉,米子,1H?1H30,１Ｋ,25,,,,昭和49年,ＲＣ,住宅,,,,,商業地域,80.0,400.0,2008年第3四半期,,,6.176091259055681
31012082,中古マンション等,,31202,鳥取県,米子市,米原,後藤,11,２ＬＤＫ＋Ｓ,80,,,,平成22年,ＲＣ,住宅,,,,,準工業地域,60.0,200.0,2010年第3四半期,未改装,,7.278753600952829
31016649,中古マンション等,,31201,鳥取県,鳥取市,末広温泉町,鳥取,9,３ＬＤＫ,65,,,,平成9年,ＳＲＣ,住宅,住宅,,,,商業地域,80.0,400.0,2016年第4四半期,未改装,,7.204119982655925
31002167,中古マンション等,,31201,鳥取県,鳥取市,本町,鳥取,13,３ＬＤＫ,70,,,,昭和64年,ＳＲＣ,,住宅,,,,商業地域,80.0,400.0,2020年第1四半期,,,6.799340549453582
31020814,中古マンション等,,31202,鳥取県,米子市,上後藤,三本松口,5,３ＬＤＫ,70,,,,平成19年,ＲＣ,住宅,,,,,第２種中高層住居専用地域,60.0,200.0,2013年第4四半期,未改装,,7.146128035678238
31004110,中古マンション等,,31202,鳥取県,米子市,西町,米子,14,３ＬＤＫ,85,,,,平成15年,ＳＲＣ,住宅,その他,,,,第１種住居地域,60.0,200.0,2021年第1四半期,未改装,,7.2552725051033065
31024310,中古マンション等,,31201,鳥取県,鳥取市,南町,鳥取,9,３ＬＤＫ,70,,,,平成12年,ＳＲＣ,住宅,,,,,商業地域,80.0,400.0,2008年第2四半期,改装済,,7.230448921378274
31003505,中古マンション等,,31202,鳥取県,米子市,観音寺新町,米子,30分?60分,３ＬＤＫ,65,,,,平成21年,,,住宅,,,,第２種中高層住居専用地域,60.0,200.0,2019年第4四半期,,,7.230448921378274
31015922,中古マンション等,,31201,鳥取県,鳥取市,扇町,鳥取,4,,70,,,,平成16年,ＳＲＣ,住宅,住宅,,,,商業地域,80.0,400.0,2016年第3四半期,改装済,,7.278753600952829
31024929,中古マンション等,,31202,鳥取県,米子市,目久美町,米子,13,３ＬＤＫ,60,,,,平成6年,ＲＣ,住宅,,,,,準工業地域,60.0,200.0,2008年第1四半期,未改装,調停・競売等,6.623249290397901
31002272,中古マンション等,,31201,鳥取県,鳥取市,南町,鳥取,5,２ＬＤＫ,60,,,,昭和64年,ＳＲＣ,住宅,住宅,,,,近隣商業地域,80.0,300.0,2019年第3四半期,改装済,,7.113943352306837
31012083,中古マンション等,,31202,鳥取県,米子市,米原,後藤,3,３ＬＤＫ,70,,,,平成13年,ＲＣ,住宅,,,,,第１種住居地域,60.0,200.0,2010年第3四半期,未改装,,7.041392685158225
31013705,中古マンション等,,31202,鳥取県,米子市,道笑町,米子,18,４ＬＤＫ,70,,,,平成7年,ＲＣ,住宅,,,,,近隣商業地域,80.0,300.0,2011年第2四半期,未改装,調停・競売等,6.740362689494244
31001147,中古マンション等,,31201,鳥取県,鳥取市,栄町,鳥取,2,３ＬＤＫ,90,,,,平成18年,,,住宅,,,,商業地域,80.0,600.0,2017年第4四半期,改装済,,7.447158031342219
31011840,中古マンション等,,31202,鳥取県,米子市,東町,米子,8,３ＬＤＫ,75,,,,平成15年,ＳＲＣ,住宅,,,,,商業地域,80.0,400.0,2010年第3四半期,未改装,,7.301029995663981
31013470,中古マンション等,,31202,鳥取県,米子市,上福原,東山公園(鳥取),30分?60分,３ＬＤＫ,65,,,,平成6年,ＳＲＣ,住宅,,,,,第１種中高層住居専用地域,60.0,200.0,2011年第3四半期,未改装,,6.929418925714293
31024348,中古マンション等,,31201,鳥取県,鳥取市,宮長,鳥取,30分?60分,３ＬＤＫ,65,,,,平成18年,ＲＣ,住宅,,,,,準工業地域,60.0,200.0,2008年第4四半期,未改装,,7.176091259055681
31017611,中古マンション等,,31202,鳥取県,米子市,皆生温泉,富士見町(鳥取),30分?60分,２ＤＫ,25,,,,昭和49年,ＳＲＣ,住宅,住宅,,,,商業地域,80.0,400.0,2016年第4四半期,未改装,,6.176091259055681
31011754,中古マンション等,,31202,鳥取県,米子市,錦町,後藤,4,３ＤＫ,70,,,,昭和59年,ＳＲＣ,住宅,,,,,近隣商業地域,80.0,300.0,2010年第3四半期,,,6.698970004336019
31015896,中古マンション等,,31201,鳥取県,鳥取市,永楽温泉町,鳥取,8,４ＬＤＫ,90,,,,平成18年,ＲＣ,住宅,,,,,商業地域,80.0,400.0,2016年第3四半期,未改装,,7.301029995663981
31010606,中古マンション等,,31201,鳥取県,鳥取市,湖山町西,鳥取大学前,5,１Ｋ,15,,,,平成3年,ＳＲＣ,住宅,,,,,近隣商業地域,80.0,200.0,2010年第4四半期,未改装,,6.3222192947339195
31024603,中古マンション等,,31202,鳥取県,米子市,上福原,米子,30分?60分,３ＬＤＫ,65,,,,,ＳＲＣ,住宅,,,,,第１種中高層住居専用地域,60.0,200.0,2007年第2四半期,未改装,,6.954242509439325
31017702,中古マンション等,,31202,鳥取県,米子市,上福原,米子,30分?60分,３ＬＤＫ,70,,,,,ＳＲＣ,住宅,,,,,第１種中高層住居専用地域,60.0,200.0,2012年第2四半期,未改装,,6.963787827345556
31003371,中古マンション等,,31202,鳥取県,米子市,加茂町,米子,15,４ＬＤＫ,70,,,,平成7年,ＲＣ,住宅,住宅,,,,商業地域,80.0,400.0,2018年第1四半期,改装済,,6.944482672150168
31018037,中古マンション等,,31202,鳥取県,米子市,中町,米子,11,４ＬＤＫ,80,,,,平成15年,ＲＣ,住宅,,,,,商業地域,80.0,400.0,2012年第3四半期,未改装,,7.278753600952829
31004083,中古マンション等,,31202,鳥取県,米子市,錦町,後藤,4,３ＬＤＫ,75,,,,平成8年,ＲＣ,,住宅,,,,近隣商業地域,60.0,200.0,2020年第1四半期,,,7.041392685158225
31003195,中古マンション等,,31202,鳥取県,米子市,角盤町,米子,16,２ＬＤＫ,65,,,,平成12年,ＳＲＣ,,住宅,,,,商業地域,80.0,400.0,2020年第2四半期,,,7.204119982655925
31018064,中古マンション等,,31202,鳥取県,米子市,錦町,後藤,7,４ＬＤＫ,80,,,,平成7年,ＲＣ,住宅,,,,,近隣商業地域,80.0,300.0,2012年第3四半期,未改装,,7.079181246047625
31022515,中古マンション等,,31202,鳥取県,米子市,加茂町,米子,18,３ＬＤＫ,60,,,,平成7年,ＲＣ,住宅,,,,,商業地域,80.0,400.0,2009年第4四半期,未改装,,6.838849090737256
31013531,中古マンション等,,31202,鳥取県,米子市,加茂町,米子,15,３ＬＤＫ,70,,,,平成7年,ＲＣ,住宅,,,,,商業地域,80.0,400.0,2011年第2四半期,未改装,,7.079181246047625
31002169,中古マンション等,,31201,鳥取県,鳥取市,本町,鳥取,13,３ＬＤＫ,65,,,,昭和64年,ＳＲＣ,,住宅,,,,商業地域,80.0,400.0,2019年第3四半期,,,6.845098040014257
31010093,中古マンション等,,31201,鳥取県,鳥取市,青葉町,鳥取,29,２ＬＤＫ＋Ｓ,65,,,,平成15年,ＲＣ,住宅,,,,,近隣商業地域,80.0,200.0,2010年第2四半期,未改装,調停・競売等,6.963787827345556
31020833,中古マンション等,,31202,鳥取県,米子市,上福原,富士見町(鳥取),23,３ＬＤＫ,65,,,,平成6年,ＳＲＣ,住宅,,,,,第１種中高層住居専用地域,60.0,200.0,2013年第1四半期,未改装,,6.812913356642856
31010223,中古マンション等,,31202,鳥取県,米子市,加茂町,米子,16,４ＬＤＫ,70,,,,平成7年,ＲＣ,住宅,事務所,,,,商業地域,80.0,400.0,2014年第2四半期,未改装,,6.880813592280791
31025013,中古マンション等,,31202,鳥取県,米子市,米原,後藤,2,２ＬＤＫ,70,,,,昭和55年,ＳＲＣ,住宅,,,,,第１種住居地域,60.0,200.0,2008年第3四半期,改装済,,6.778151250383644
31004345,中古マンション等,,31202,鳥取県,米子市,東町,米子,8,３ＬＤＫ,70,,,,平成15年,,,その他,,,,商業地域,80.0,400.0,2018年第2四半期,,,7.176091259055681
31017187,中古マンション等,,31201,鳥取県,鳥取市,南吉方,鳥取,15,３ＬＤＫ,65,,,,平成14年,ＲＣ,住宅,住宅,,,,準工業地域,60.0,200.0,2016年第2四半期,改装済,,7.176091259055681
31021011,中古マンション等,,31202,鳥取県,米子市,東福原,米子,30分?60分,２ＬＤＫ,60,,,,平成17年,ＲＣ,住宅,,,,,第１種住居地域,60.0,200.0,2013年第2四半期,改装済,,7.079181246047625
31017627,中古マンション等,,31202,鳥取県,米子市,皆生温泉,米子,1H?1H30,２Ｋ,35,,,,昭和53年,ＳＲＣ,住宅,住宅,,,,第１種住居地域,60.0,200.0,2016年第4四半期,未改装,,5.845098040014257
31022734,中古マンション等,,31202,鳥取県,米子市,米原,後藤,4,３ＬＤＫ,65,,,,平成2年,ＳＲＣ,住宅,,,,,第１種住居地域,60.0,200.0,2009年第4四半期,改装済,,6.845098040014257
31018330,中古マンション等,,31202,鳥取県,米子市,東福原,米子,30分?60分,３ＬＤＫ,70,,,,平成24年,ＲＣ,住宅,住宅,,,,第２種中高層住居専用地域,60.0,200.0,2016年第1四半期,未改装,,7.113943352306837
31004823,中古マンション等,,31202,鳥取県,米子市,米原,後藤,3,４ＬＤＫ,80,,,,平成13年,ＳＲＣ,住宅,住宅,,,,第１種住居地域,60.0,200.0,2021年第3四半期,未改装,,7.176091259055681
31020832,中古マンション等,,31202,鳥取県,米子市,上福原,富士見町(鳥取),23,３ＬＤＫ,65,,,,平成6年,ＳＲＣ,住宅,,,,,第１種中高層住居専用地域,60.0,200.0,2013年第2四半期,未改装,,6.944482672150168
31004055,中古マンション等,,31202,鳥取県,米子市,中町,米子,15,３ＬＤＫ,70,,,,平成15年,ＲＣ,,住宅,,,,商業地域,80.0,400.0,2019年第1四半期,未改装,調停・競売等,7.146128035678238
31012066,中古マンション等,,31202,鳥取県,米子市,米原,後藤,6,３ＬＤＫ,70,,,,平成20年,ＲＣ,住宅,,,,,準工業地域,60.0,200.0,2010年第3四半期,未改装,,7.079181246047625
31004342,中古マンション等,,31202,鳥取県,米子市,東町,米子,8,１Ｋ,20,,,,平成4年,ＳＲＣ,,住宅,,,,商業地域,80.0,400.0,2019年第1四半期,,,6.477121254719663
31004840,中古マンション等,,31202,鳥取県,米子市,米原,後藤,2,３ＬＤＫ,60,,,,昭和55年,,,住宅,,,,,,,2019年第2四半期,改装済,,6.832508912706237
31001673,中古マンション等,,31201,鳥取県,鳥取市,富安,鳥取,6,４ＬＤＫ,85,,,,平成26年,ＲＣ,,住宅,,,,商業地域,80.0,400.0,2020年第2四半期,,,7.491361693834273
31024311,中古マンション等,,31201,鳥取県,鳥取市,南町,鳥取,13,３ＬＤＫ,65,,,,昭和64年,ＳＲＣ,住宅,,,,,近隣商業地域,80.0,300.0,2007年第4四半期,未改装,,6.698970004336019
31015560,中古マンション等,,31202,鳥取県,米子市,角盤町,米子,16,２ＬＤＫ,60,,,,平成12年,ＳＲＣ,住宅,住宅,,,,商業地域,80.0,400.0,2015年第1四半期,改装済,,6.973127853599698
31010514,中古マンション等,,31202,鳥取県,米子市,錦町,後藤,5,３ＬＤＫ,75,,,,平成8年,ＲＣ,住宅,住宅,,,,近隣商業地域,80.0,300.0,2014年第4四半期,未改装,,7.113943352306837
31015565,中古マンション等,,31202,鳥取県,米子市,上後藤,三本松口,5,２ＬＤＫ,75,,,,平成19年,ＲＣ,住宅,住宅,,,,第２種中高層住居専用地域,60.0,200.0,2015年第1四半期,未改装,,7.204119982655925
31004882,中古マンション等,,31202,鳥取県,米子市,米原,米子,30分?60分,３ＬＤＫ,70,,,,,ＲＣ,,住宅,,,,第２種中高層住居専用地域,,,2019年第4四半期,改装済,,7.3222192947339195
31001364,中古マンション等,,31201,鳥取県,鳥取市,末広温泉町,鳥取,8,３ＬＤＫ,65,,,,平成9年,鉄骨造,,住宅,,,,商業地域,80.0,400.0,2019年第3四半期,,,7.113943352306837
31001144,中古マンション等,,31201,鳥取県,鳥取市,栄町,鳥取,6,３ＬＤＫ,70,,,,,ＳＲＣ,住宅,住宅,,,,商業地域,80.0,400.0,2019年第1四半期,改装済,,7.342422680822207
31021079,中古マンション等,,31202,鳥取県,米子市,米原,後藤,4,４ＬＤＫ,80,,,,平成2年,ＳＲＣ,住宅,,,,,第１種住居地域,60.0,200.0,2013年第2四半期,未改装,,7.079181246047625
31003501,中古マンション等,,31202,鳥取県,米子市,観音寺新町,米子,30分?60分,３ＬＤＫ,65,,,,平成19年,ＲＣ,住宅,住宅,,,,第２種中高層住居専用地域,60.0,200.0,2022年第1四半期,未改装,,7.204119982655925
31016004,中古マンション等,,31201,鳥取県,鳥取市,川端,鳥取,12,２ＬＤＫ,60,,,,平成16年,ＳＲＣ,住宅,,,,,近隣商業地域,80.0,300.0,2012年第4四半期,未改装,,6.8750612633917
31000439,中古マンション等,,31201,鳥取県,鳥取市,川端,鳥取,13,３ＬＤＫ,70,,,,平成16年,,,住宅,,,,近隣商業地域,80.0,300.0,2017年第4四半期,未改装,,6.230448921378274
31015699,中古マンション等,,31202,鳥取県,米子市,錦町,米子,30分?60分,３ＬＤＫ,65,,,,,ＲＣ,住宅,住宅,,,,近隣商業地域,80.0,300.0,2015年第2四半期,改装済,,7.176091259055681
31017639,中古マンション等,,31202,鳥取県,米子市,皆生温泉,米子,1H?1H30,１Ｋ,20,,,,昭和51年,鉄骨造,住宅,その他,,,,商業地域,80.0,400.0,2016年第2四半期,未改装,,5.778151250383644
31001368,中古マンション等,,31201,鳥取県,鳥取市,末広温泉町,鳥取,9,３ＬＤＫ,65,,,,平成9年,ＳＲＣ,住宅,住宅,,,,商業地域,80.0,400.0,2017年第3四半期,改装済,,7.113943352306837
31001145,中古マンション等,,31201,鳥取県,鳥取市,栄町,鳥取,6,２ＬＤＫ,70,,,,平成14年,,,住宅,,,,商業地域,80.0,400.0,2018年第2四半期,,,7.301029995663981
31004834,中古マンション等,,31202,鳥取県,米子市,米原,後藤,4,,65,,,,,ＳＲＣ,,住宅,,,,第１種住居地域,60.0,200.0,2019年第4四半期,改装済,,6.944482672150168
31015692,中古マンション等,,31202,鳥取県,米子市,錦町,後藤,5,３ＬＤＫ,65,,,,平成8年,ＲＣ,住宅,住宅,,,,近隣商業地域,80.0,300.0,2015年第3四半期,未改装,,7.041392685158225
31001040,中古マンション等,,31201,鳥取県,鳥取市,湖山町東,湖山,9,３ＬＤＫ,70,,,,平成20年,ＲＣ,,その他,,,,工業地域,60.0,200.0,2021年第3四半期,,調停・競売等,7.113943352306837
31002264,中古マンション等,,31201,鳥取県,鳥取市,南町,鳥取,5,,60,,,,昭和64年,ＳＲＣ,,住宅,,,,近隣商業地域,80.0,300.0,2021年第4四半期,,,6.845098040014257
31020841,中古マンション等,,31202,鳥取県,米子市,加茂町,米子,17,３ＬＤＫ,60,,,,平成7年,ＲＣ,住宅,,,,,商業地域,80.0,400.0,2013年第3四半期,未改装,,6.919078092376074
31018162,中古マンション等,,31202,鳥取県,米子市,錦町,後藤,3,３ＬＤＫ,60,,,,平成6年,ＲＣ,住宅,住宅,,,,近隣商業地域,80.0,300.0,2016年第4四半期,未改装,,6.944482672150168
31011765,中古マンション等,,31202,鳥取県,米子市,西倉吉町,米子,16,２ＬＤＫ,55,,,,平成6年,ＳＲＣ,住宅,,,,,商業地域,80.0,400.0,2010年第3四半期,未改装,,6.826074802700826
31017173,中古マンション等,,31201,鳥取県,鳥取市,宮長,鳥取,29,３ＬＤＫ,65,,,,平成18年,ＲＣ,住宅,,,,,準工業地域,60.0,200.0,2012年第3四半期,未改装,,7.113943352306837
31000438,中古マンション等,,31201,鳥取県,鳥取市,川端,鳥取,13,３ＬＤＫ,70,,,,平成16年,,,住宅,,,,近隣商業地域,80.0,300.0,2017年第4四半期,改装済,,7.278753600952829
31024115,中古マンション等,,31201,鳥取県,鳥取市,富安,鳥取,4,３ＬＤＫ,65,,,,平成13年,ＳＲＣ,住宅,,,,,商業地域,80.0,400.0,2008年第3四半期,未改装,,7.2552725051033065
31011395,中古マンション等,,31202,鳥取県,米子市,皆生温泉,米子,1H?1H30,１Ｋ,30,,,,昭和49年,ＲＣ,住宅,,,,,商業地域,80.0,400.0,2010年第3四半期,未改装,,6.361727836017593
31015996,中古マンション等,,31202,鳥取県,米子市,米原,後藤,3,２ＬＤＫ,60,,,,平成13年,ＲＣ,住宅,住宅,,,,第１種住居地域,60.0,200.0,2015年第2四半期,未改装,,6.991226075692495
31016433,中古マンション等,,31201,鳥取県,鳥取市,湖山町東,湖山,3,４ＬＤＫ,80,,,,平成19年,ＲＣ,住宅,住宅,,,,第１種住居地域,60.0,200.0,2016年第1四半期,未改装,,7.278753600952829
31004289,中古マンション等,,31202,鳥取県,米子市,旗ヶ崎,米子,30分?60分,３ＬＤＫ,75,,,,平成10年,ＲＣ,住宅,住宅,,,,第１種住居地域,60.0,200.0,2020年第3四半期,未改装,,7.041392685158225
31017376,中古マンション等,,31201,鳥取県,鳥取市,吉方温泉,鳥取,11,３ＬＤＫ,95,,,,平成20年,ＲＣ,住宅,住宅,,,,商業地域,80.0,400.0,2016年第3四半期,未改装,,7.361727836017593
31000160,中古マンション等,,31201,鳥取県,鳥取市,永楽温泉町,鳥取,8,２ＬＤＫ,85,,,,平成18年,ＲＣ,,住宅,,,,商業地域,80.0,400.0,2017年第3四半期,未改装,,7.361727836017593
31004836,中古マンション等,,31202,鳥取県,米子市,米原,後藤,4,３ＬＤＫ,65,,,,,ＳＲＣ,住宅,住宅,,,,第１種住居地域,60.0,200.0,2019年第4四半期,未改装,,6.929418925714293
31022694,中古マンション等,,31202,鳥取県,米子市,目久美町,米子,13,,60,,,,平成6年,ＲＣ,住宅,,,,,準工業地域,60.0,200.0,2009年第4四半期,,調停・競売等,6.518513939877887
31011114,中古マンション等,,31201,鳥取県,鳥取市,南吉方,鳥取,16,２ＬＤＫ,60,,,,平成14年,ＲＣ,住宅,,,,,準工業地域,60.0,200.0,2010年第3四半期,改装済,,7.079181246047625
31020902,中古マンション等,,31202,鳥取県,米子市,昭和町,米子,16,３ＬＤＫ,90,,,,平成20年,ＲＣ,住宅,,,,,近隣商業地域,80.0,300.0,2013年第1四半期,未改装,,7.361727836017593
31010109,中古マンション等,,31202,鳥取県,米子市,皆生温泉,米子,1H?1H30,１Ｋ,20,,,,昭和51年,鉄骨造,住宅,住宅,,,,商業地域,80.0,400.0,2014年第3四半期,未改装,,5.903089986991944
31003700,中古マンション等,,31202,鳥取県,米子市,昭和町,米子,14,３ＬＤＫ,90,,,,平成20年,,,住宅,,,,近隣商業地域,80.0,300.0,2019年第4四半期,,,7.2552725051033065
31012087,中古マンション等,,31202,鳥取県,米子市,米原,後藤,10,３ＬＤＫ,80,,,,平成22年,ＲＣ,住宅,,,,,準工業地域,60.0,200.0,2010年第2四半期,未改装,,7.230448921378274
31001670,中古マンション等,,31201,鳥取県,鳥取市,富安,鳥取,10,３ＬＤＫ,70,,,,平成30年,ＲＣ,,住宅,,,,準工業地域,60.0,200.0,2020年第4四半期,,,7.447158031342219
31013265,中古マンション等,,31201,鳥取県,鳥取市,吉方温泉,鳥取,11,４ＬＤＫ,100,,,,平成20年,ＲＣ,住宅,,,,,商業地域,80.0,400.0,2011年第2四半期,未改装,,7.342422680822207
31003145,中古マンション等,,31202,鳥取県,米子市,皆生温泉,米子,1H?1H30,３ＬＤＫ,70,,,,平成13年,ＲＣ,住宅,住宅,,,,第１種住居地域,60.0,200.0,2017年第4四半期,未改装,調停・競売等,6.8512583487190755
31011100,中古マンション等,,31201,鳥取県,鳥取市,南町,鳥取,8,３ＤＫ,60,,,,昭和64年,ＳＲＣ,住宅,,,,,商業地域,80.0,400.0,2010年第3四半期,未改装,,6.838849090737256
31016830,中古マンション等,,31201,鳥取県,鳥取市,富安,鳥取,8,４ＬＤＫ,85,,,,平成16年,ＲＣ,住宅,住宅,,,,商業地域,80.0,400.0,2016年第1四半期,未改装,,7.278753600952829
31013766,中古マンション等,,31202,鳥取県,米子市,錦町,後藤,4,３ＬＤＫ,70,,,,平成9年,ＲＣ,住宅,,,,,近隣商業地域,80.0,300.0,2011年第1四半期,未改装,調停・競売等,6.812913356642856
31016414,中古マンション等,,31201,鳥取県,鳥取市,湖山町西,鳥取大学前,5,１Ｒ,15,,,,平成3年,ＳＲＣ,住宅,住宅,,,,近隣商業地域,80.0,200.0,2016年第1四半期,,,6.491361693834273
31012050,中古マンション等,,31202,鳥取県,米子市,米原,後藤,8,３ＬＤＫ,70,,,,平成20年,ＲＣ,住宅,,,,,準工業地域,60.0,200.0,2010年第3四半期,改装済,,7.204119982655925
31000025,中古マンション等,,31201,鳥取県,鳥取市,青葉町,鳥取,30分?60分,３ＬＤＫ,65,,,,平成15年,ＲＣ,,住宅,,,,近隣商業地域,80.0,200.0,2020年第2四半期,,,7.2552725051033065
31001018,中古マンション等,,31201,鳥取県,鳥取市,湖山町西,鳥取大学前,3,１Ｋ,20,,,,,ＳＲＣ,住宅,住宅,,,,近隣商業地域,80.0,200.0,2018年第3四半期,,,6.491361693834273
31012313,中古マンション等,,31201,鳥取県,鳥取市,川端,鳥取,10,３ＬＤＫ,65,,,,平成14年,ＳＲＣ,住宅,,,,,商業地域,80.0,400.0,2011年第4四半期,未改装,,7.301029995663981
31020793,中古マンション等,,31202,鳥取県,米子市,皆生温泉,米子,1H?1H30,１Ｋ,20,,,,昭和53年,ＲＣ,住宅,,,,,第１種住居地域,60.0,200.0,2013年第4四半期,未改装,,6.176091259055681
31003821,中古マンション等,,31202,鳥取県,米子市,道笑町,米子,15,３ＬＤＫ,70,,,,平成14年,ＲＣ,,住宅,,,,第１種住居地域,60.0,200.0,2021年第4四半期,,,7.301029995663981
31001139,中古マンション等,,31201,鳥取県,鳥取市,栄町,鳥取,2,３ＬＤＫ,90,,,,平成20年,ＳＲＣ,住宅,,,,,商業地域,80.0,600.0,2021年第4四半期,未改装,,7.414973347970818
31003292,中古マンション等,,31202,鳥取県,米子市,上福原,米子,30分?60分,３ＬＤＫ,65,,,,,,,住宅,,,,第１種中高層住居専用地域,60.0,200.0,2021年第4四半期,改装済,,6.968482948553935
31014746,中古マンション等,,31201,鳥取県,鳥取市,永楽温泉町,鳥取,7,２ＬＤＫ,85,,,,平成18年,ＲＣ,住宅,住宅,,,,商業地域,80.0,500.0,2015年第1四半期,改装済,,7.278753600952829
31000158,中古マンション等,,31201,鳥取県,鳥取市,永楽温泉町,鳥取,7,３ＬＤＫ,85,,,,平成18年,ＲＣ,住宅,住宅,,,,商業地域,80.0,400.0,2019年第4四半期,未改装,,7.204119982655925
31004166,中古マンション等,,31202,鳥取県,米子市,西福原,米子,30分?60分,４ＬＤＫ,80,,,,平成16年,ＲＣ,,住宅,,,,第１種中高層住居専用地域,60.0,200.0,2019年第3四半期,,,7.278753600952829
31022321,中古マンション等,,31201,鳥取県,鳥取市,南町,鳥取,8,３ＬＤＫ,55,,,,昭和64年,ＳＲＣ,住宅,,,,,近隣商業地域,80.0,300.0,2009年第4四半期,未改装,,6.7160033436347994
31017286,中古マンション等,,31201,鳥取県,鳥取市,吉方温泉,鳥取,10,４ＬＤＫ,95,,,,平成20年,ＲＣ,住宅,,,,,商業地域,80.0,400.0,2012年第1四半期,未改装,,7.301029995663981
31012072,中古マンション等,,31202,鳥取県,米子市,米原,後藤,8,４ＬＤＫ,80,,,,平成20年,ＲＣ,住宅,,,,,準工業地域,60.0,200.0,2010年第3四半期,未改装,,7.342422680822207
31000987,中古マンション等,,31201,鳥取県,鳥取市,湖山町北,鳥取大学前,4,１Ｋ,20,,,,昭和63年,鉄骨造,住宅,,,,,近隣商業地域,80.0,200.0,2017年第1四半期,,,6.380211241711606
31000563,中古マンション等,,31201,鳥取県,鳥取市,瓦町,,,３ＬＤＫ,70,,,,,,,住宅,,,,第２種中高層住居専用地域,60.0,200.0,2019年第4四半期,改装済,,7.3222192947339195
31002170,中古マンション等,,31201,鳥取県,鳥取市,本町,鳥取,13,３ＬＤＫ,75,,,,昭和64年,ＳＲＣ,,住宅,,,,商業地域,80.0,400.0,2019年第3四半期,,,6.544068044350276
31013844,中古マンション等,,31202,鳥取県,米子市,旗ヶ崎,米子,30分?60分,４ＬＤＫ,85,,,,平成12年,ＲＣ,住宅,,,,,第１種住居地域,60.0,200.0,2011年第1四半期,未改装,調停・競売等,7.079181246047625
31016411,中古マンション等,,31201,鳥取県,鳥取市,湖山町西,鳥取大学前,5,１Ｋ,20,,,,平成3年,ＳＲＣ,住宅,住宅,,,,近隣商業地域,80.0,200.0,2016年第2四半期,未改装,,6.544068044350276
31022659,中古マンション等,,31202,鳥取県,米子市,東町,米子,9,３ＬＤＫ,65,,,,平成15年,ＳＲＣ,住宅,,,,,商業地域,80.0,400.0,2009年第1四半期,改装済,,7.3222192947339195
31004838,中古マンション等,,31202,鳥取県,米子市,米原,後藤,8,３ＬＤＫ,70,,,,平成27年,,,住宅,,,,準工業地域,60.0,200.0,2019年第3四半期,,,7.361727836017593
31013703,中古マンション等,,31202,鳥取県,米子市,道笑町,米子,17,４ＬＤＫ,70,,,,平成7年,ＲＣ,住宅,,,,,近隣商業地域,80.0,300.0,2011年第4四半期,改装済,,6.973127853599698
31022735,中古マンション等,,31202,鳥取県,米子市,米原,後藤,4,３ＬＤＫ,65,,,,平成2年,ＳＲＣ,住宅,,,,,第１種住居地域,60.0,200.0,2009年第4四半期,改装済,,6.897627091290442
31002587,中古マンション等,,31201,鳥取県,鳥取市,吉方温泉,鳥取,11,３ＬＤＫ,95,,,,平成20年,ＳＲＣ,住宅,住宅,,,,商業地域,80.0,400.0,2022年第1四半期,未改装,,7.342422680822207
31004835,中古マンション等,,31202,鳥取県,米子市,米原,後藤,6,３ＬＤＫ,70,,,,平成20年,,,住宅,,,,準工業地域,60.0,200.0,2019年第4四半期,,,7.2552725051033065
31010607,中古マンション等,,31201,鳥取県,鳥取市,湖山町西,鳥取大学前,5,１Ｋ,20,,,,平成3年,ＳＲＣ,住宅,,,,,近隣商業地域,80.0,200.0,2010年第3四半期,未改装,,6.342422680822207
31003339,中古マンション等,,31202,鳥取県,米子市,上福原,米子,30分?60分,３ＬＤＫ,70,,,,平成6年,ＳＲＣ,住宅,住宅,,,,第１種中高層住居専用地域,60.0,200.0,2018年第1四半期,未改装,,7.041392685158225
31012067,中古マンション等,,31202,鳥取県,米子市,米原,後藤,6,３ＬＤＫ,70,,,,平成20年,ＲＣ,住宅,,,,,準工業地域,60.0,200.0,2010年第3四半期,未改装,,7.079181246047625
31004889,中古マンション等,,31202,鳥取県,米子市,米原,米子,30分?60分,３ＬＤＫ,80,,,,平成28年,ＲＣ,,住宅,,,,第２種中高層住居専用地域,60.0,200.0,2017年第4四半期,未改装,,7.414973347970818
31024833,中古マンション等,,31202,鳥取県,米子市,西福原,米子,1H?1H30,４ＬＤＫ,80,,,,平成16年,ＲＣ,住宅,,,,,第１種中高層住居専用地域,60.0,200.0,2007年第3四半期,,,7.301029995663981
31003305,中古マンション等,,31202,鳥取県,米子市,上福原,米子,30分?60分,３ＬＤＫ,65,,,,平成11年,ＳＲＣ,住宅,住宅,,,,第１種中高層住居専用地域,60.0,200.0,2020年第2四半期,改装済,,7.079181246047625
31022614,中古マンション等,,31202,鳥取県,米子市,錦町,後藤,6,３ＬＤＫ,70,,,,平成8年,ＲＣ,住宅,,,,,近隣商業地域,80.0,300.0,2009年第1四半期,未改装,,6.845098040014257
31000996,中古マンション等,,31201,鳥取県,鳥取市,湖山町西,鳥取大学前,4,１Ｋ,25,,,,平成3年,ＳＲＣ,,その他,,,,近隣商業地域,80.0,200.0,2022年第1四半期,未改装,,6.0
31015700,中古マンション等,,31202,鳥取県,米子市,西町,米子,14,４ＬＤＫ,90,,,,平成15年,ＳＲＣ,住宅,,,,,第１種住居地域,60.0,200.0,2015年第1四半期,未改装,,7.414973347970818
31011428,中古マンション等,,31202,鳥取県,米子市,上後藤,三本松口,8,３ＬＤＫ,70,,,,平成19年,ＲＣ,住宅,,,,,第２種中高層住居専用地域,60.0,200.0,2010年第4四半期,未改装,,7.230448921378274
31012071,中古マンション等,,31202,鳥取県,米子市,米原,後藤,8,３ＬＤＫ,75,,,,平成20年,ＲＣ,住宅,,,,,準工業地域,60.0,200.0,2010年第3四半期,改装済,,7.278753600952829
31018086,中古マンション等,,31202,鳥取県,米子市,西福原,米子,1H?1H30,４ＬＤＫ,80,,,,平成16年,ＲＣ,住宅,,,,,第１種中高層住居専用地域,60.0,200.0,2012年第4四半期,未改装,,7.146128035678238
31022749,中古マンション等,,31202,鳥取県,米子市,米原,米子,30分?60分,３ＬＤＫ,70,,,,平成20年,ＲＣ,住宅,,,,,準工業地域,60.0,200.0,2009年第1四半期,未改装,,7.278753600952829
31004846,中古マンション等,,31202,鳥取県,米子市,米原,後藤,4,３ＬＤＫ,60,,,,昭和55年,ＳＲＣ,住宅,住宅,,,,準工業地域,60.0,200.0,2018年第3四半期,未改装,,6.477121254719663
31023921,中古マンション等,,31201,鳥取県,鳥取市,湖山町西,鳥取大学前,5,１Ｋ,20,,,,平成3年,ＳＲＣ,住宅,,,,,近隣商業地域,80.0,200.0,2007年第3四半期,未改装,,6.3979400086720375
31022487,中古マンション等,,31202,鳥取県,米子市,角盤町,富士見町(鳥取),8,２ＬＤＫ,60,,,,平成12年,ＳＲＣ,住宅,,,,,商業地域,80.0,400.0,2009年第3四半期,未改装,,6.903089986991944
31000208,中古マンション等,,31201,鳥取県,鳥取市,扇町,鳥取,4,３ＬＤＫ,70,,,,平成16年,,住宅,住宅,,,,商業地域,80.0,400.0,2018年第4四半期,未改装,,7.2552725051033065
31017631,中古マンション等,,31202,鳥取県,米子市,皆生温泉,米子,1H?1H30,１ＤＫ,25,,,,昭和51年,鉄骨造,住宅,住宅,,,,商業地域,80.0,400.0,2016年第3四半期,未改装,,6.0
31012116,中古マンション等,,31202,鳥取県,米子市,米原,米子,30分?60分,４ＬＤＫ,100,,,,平成22年,ＲＣ,住宅,,,,,準工業地域,60.0,200.0,2010年第3四半期,未改装,,7.342422680822207
31014045,中古マンション等,,31202,鳥取県,米子市,米原,米子,30分?60分,３ＬＤＫ,70,,,,平成20年,ＲＣ,住宅,,,,,準工業地域,60.0,200.0,2011年第4四半期,未改装,,7.230448921378274
31002172,中古マンション等,,31201,鳥取県,鳥取市,本町,鳥取,13,,75,,,,昭和64年,,,住宅,,,,商業地域,80.0,400.0,2018年第1四半期,未改装,,6.505149978319906
31002387,中古マンション等,,31201,鳥取県,鳥取市,宮長,鳥取,30分?60分,３ＬＤＫ,70,,,,平成18年,ＲＣ,住宅,住宅,,,,準工業地域,60.0,200.0,2019年第1四半期,未改装,,7.278753600952829
31014032,中古マンション等,,31202,鳥取県,米子市,米原,後藤,6,,70,,,,平成20年,ＲＣ,住宅,,,,,準工業地域,60.0,200.0,2011年第1四半期,未改装,,7.2552725051033065
31001677,中古マンション等,,31201,鳥取県,鳥取市,富安,鳥取,9,３ＬＤＫ,75,,,,平成16年,ＲＣ,住宅,住宅,,,,商業地域,80.0,400.0,2019年第2四半期,未改装,,7.204119982655925
31020961,中古マンション等,,31202,鳥取県,米子市,錦町,後藤,3,４ＬＤＫ,80,,,,昭和59年,ＳＲＣ,住宅,,,,,近隣商業地域,80.0,300.0,2013年第1四半期,改装済,,6.8750612633917
31004841,中古マンション等,,31202,鳥取県,米子市,米原,後藤,6,２ＬＤＫ,65,,,,,ＲＣ,,住宅,,,,準工業地域,60.0,200.0,2019年第2四半期,,,7.230448921378274
31022483,中古マンション等,,31202,鳥取県,米子市,皆生温泉,米子,1H?1H30,２ＬＤＫ,45,,,,昭和53年,ＲＣ,住宅,,,,,第１種住居地域,60.0,200.0,2009年第1四半期,未改装,,6.732393759822968
31011527,中古マンション等,,31202,鳥取県,米子市,加茂町,米子,15,４ＬＤＫ,70,,,,平成7年,ＲＣ,住宅,,,,,商業地域,80.0,400.0,2010年第3四半期,改装済,,6.954242509439325
31000435,中古マンション等,,31201,鳥取県,鳥取市,川端,鳥取,12,３ＬＤＫ,70,,,,平成16年,ＳＲＣ,住宅,住宅,,,,近隣商業地域,80.0,300.0,2018年第4四半期,,,7.204119982655925
31018170,中古マンション等,,31202,鳥取県,米子市,西倉吉町,米子,18,３ＬＤＫ,65,,,,平成6年,ＳＲＣ,住宅,住宅,,,,商業地域,80.0,400.0,2016年第1四半期,,,6.973127853599698
31000154,中古マンション等,,31201,鳥取県,鳥取市,永楽温泉町,鳥取,9,３ＬＤＫ,70,,,,平成15年,ＳＲＣ,住宅,住宅,,,,商業地域,80.0,400.0,2021年第2四半期,未改装,,7.2552725051033065
31004844,中古マンション等,,31202,鳥取県,米子市,米原,後藤,1,３ＬＤＫ,60,,,,昭和55年,ＳＲＣ,住宅,住宅,,,,第１種住居地域,60.0,200.0,2018年第4四半期,,,6.897627091290442
31010720,中古マンション等,,31201,鳥取県,鳥取市,末広温泉町,鳥取,9,３ＬＤＫ,65,,,,平成9年,ＳＲＣ,住宅,,,,,商業地域,80.0,400.0,2010年第1四半期,改装済,,6.968482948553935
31012052,中古マンション等,,31202,鳥取県,米子市,米原,後藤,6,４ＬＤＫ,80,,,,平成20年,ＲＣ,住宅,,,,,準工業地域,60.0,200.0,2010年第3四半期,未改装,,7.146128035678238
31010157,中古マンション等,,31202,鳥取県,米子市,上後藤,三本松口,5,３ＬＤＫ,85,,,,平成19年,ＲＣ,住宅,住宅,,,,第２種中高層住居専用地域,60.0,200.0,2014年第2四半期,改装済,,7.3979400086720375
31009955,中古マンション等,,31201,鳥取県,鳥取市,宮長,鳥取,30分?60分,３ＬＤＫ,70,,,,平成18年,ＲＣ,住宅,,,,,準工業地域,60.0,200.0,2014年第1四半期,改装済,,7.176091259055681
31016512,中古マンション等,,31201,鳥取県,鳥取市,栄町,鳥取,3,３ＬＤＫ,90,,,,平成20年,ＳＲＣ,住宅,住宅,,,,商業地域,80.0,600.0,2016年第2四半期,未改装,,7.477121254719663
31022368,中古マンション等,,31201,鳥取県,鳥取市,吉方,鳥取,14,３ＬＤＫ,70,,,,平成8年,ＲＣ,住宅,,,,,準工業地域,60.0,200.0,2009年第1四半期,改装済,,7.113943352306837
31013753,中古マンション等,,31202,鳥取県,米子市,中町,米子,15,４ＬＤＫ,80,,,,平成15年,ＲＣ,住宅,,,,,商業地域,80.0,400.0,2011年第4四半期,未改装,,7.278753600952829
31016882,中古マンション等,,31201,鳥取県,鳥取市,西町,鳥取,19,３ＬＤＫ,65,,,,平成9年,ＲＣ,住宅,住宅,,,,近隣商業地域,80.0,200.0,2016年第1四半期,,,7.2552725051033065
31017350,中古マンション等,,31201,鳥取県,鳥取市,吉方,鳥取,14,３ＬＤＫ,80,,,,平成8年,ＲＣ,住宅,住宅,,,,準工業地域,60.0,200.0,2016年第4四半期,未改装,,7.176091259055681
31002380,中古マンション等,,31201,鳥取県,鳥取市,宮長,鳥取,30分?60分,４ＬＤＫ,75,,,,平成18年,ＲＣ,,住宅,,,,準工業地域,60.0,200.0,2020年第2四半期,,,7.3222192947339195
31020800,中古マンション等,,31202,鳥取県,米子市,皆生温泉,米子,1H?1H30,３ＬＤＫ,65,,,,平成13年,ＲＣ,住宅,,,,,第１種住居地域,60.0,200.0,2013年第3四半期,未改装,,6.977723605288848
31023920,中古マンション等,,31201,鳥取県,鳥取市,湖山町西,鳥取大学前,5,１Ｋ,15,,,,平成3年,ＳＲＣ,住宅,,,,,近隣商業地域,80.0,200.0,2007年第3四半期,未改装,,6.278753600952829
31003127,中古マンション等,,31202,鳥取県,米子市,皆生温泉,米子,1H?1H30,２Ｋ,35,,,,昭和51年,鉄骨造,,住宅,,,,商業地域,80.0,400.0,2020年第1四半期,,,5.903089986991944
31012068,中古マンション等,,31202,鳥取県,米子市,米原,後藤,6,３ＬＤＫ,65,,,,平成20年,ＲＣ,住宅,,,,,準工業地域,60.0,200.0,2010年第3四半期,未改装,,7.079181246047625
31016124,中古マンション等,,31201,鳥取県,鳥取市,行徳,鳥取,9,３ＬＤＫ,65,,,,平成16年,ＲＣ,住宅,,,,,近隣商業地域,60.0,300.0,2012年第2四半期,未改装,,7.176091259055681
31022481,中古マンション等,,31202,鳥取県,米子市,皆生温泉,米子,1H?1H30,２ＤＫ,45,,,,昭和53年,ＳＲＣ,住宅,,,,,第１種住居地域,60.0,200.0,2009年第1四半期,,,6.681241237375588
31004346,中古マンション等,,31202,鳥取県,米子市,東町,米子,8,３ＬＤＫ,70,,,,平成4年,ＳＲＣ,住宅,住宅,,,,商業地域,80.0,500.0,2017年第4四半期,未改装,,7.204119982655925
31004870,中古マンション等,,31202,鳥取県,米子市,米原,米子,30分?60分,２ＬＤＫ,70,,,,平成27年,ＲＣ,住宅,住宅,,,,準工業地域,60.0,200.0,2021年第4四半期,未改装,,7.462397997898956
31013764,中古マンション等,,31202,鳥取県,米子市,錦町,後藤,7,２ＬＤＫ,55,,,,平成7年,ＲＣ,住宅,,,,,近隣商業地域,80.0,300.0,2011年第4四半期,未改装,,6.903089986991944
31014751,中古マンション等,,31201,鳥取県,鳥取市,永楽温泉町,鳥取,7,４ＬＤＫ,90,,,,平成18年,ＲＣ,住宅,住宅,,,,商業地域,80.0,500.0,2015年第1四半期,未改装,,7.361727836017593
31011820,中古マンション等,,31202,鳥取県,米子市,旗ヶ崎,米子,29,３ＬＤＫ,75,,,,平成10年,ＲＣ,住宅,,,,,第１種住居地域,60.0,200.0,2010年第4四半期,未改装,,7.041392685158225
31013530,中古マンション等,,31202,鳥取県,米子市,加茂町,米子,17,４ＬＤＫ,70,,,,平成7年,ＲＣ,住宅,,,,,商業地域,80.0,400.0,2011年第3四半期,未改装,,6.991226075692495
31012091,中古マンション等,,31202,鳥取県,米子市,米原,後藤,10,３ＬＤＫ,80,,,,平成22年,ＲＣ,住宅,,,,,準工業地域,60.0,200.0,2010年第2四半期,未改装,,7.230448921378274
31025015,中古マンション等,,31202,鳥取県,米子市,米原,後藤,3,３ＬＤＫ,65,,,,平成2年,ＳＲＣ,住宅,,,,,第１種住居地域,60.0,200.0,2008年第2四半期,,,7.968482948553935
31004205,中古マンション等,,31202,鳥取県,米子市,西福原,米子,1H?1H30,２ＬＤＫ,60,,,,平成16年,ＲＣ,住宅,住宅,,,,第１種中高層住居専用地域,60.0,200.0,2017年第2四半期,未改装,,7.146128035678238
31010213,中古マンション等,,31202,鳥取県,米子市,上福原,米子,30分?60分,３ＬＤＫ,65,,,,,ＳＲＣ,住宅,住宅,,,,第１種中高層住居専用地域,60.0,200.0,2014年第2四半期,未改装,,6.929418925714293
31011397,中古マンション等,,31202,鳥取県,米子市,皆生温泉,米子,1H?1H30,２Ｋ,25,,,,昭和49年,ＲＣ,住宅,,,,,商業地域,80.0,400.0,2010年第2四半期,改装済,,6.230448921378274
31013263,中古マンション等,,31201,鳥取県,鳥取市,吉方温泉,鳥取,11,４ＬＤＫ,95,,,,平成20年,ＲＣ,住宅,,,,,商業地域,80.0,400.0,2011年第2四半期,未改装,,7.342422680822207
31012048,中古マンション等,,31202,鳥取県,米子市,米原,後藤,8,３ＬＤＫ,70,,,,平成20年,ＲＣ,住宅,,,,,準工業地域,60.0,200.0,2010年第4四半期,未改装,,7.230448921378274
31015999,中古マンション等,,31202,鳥取県,米子市,米原,後藤,4,３ＬＤＫ,60,,,,昭和55年,ＳＲＣ,住宅,住宅,,,,準工業地域,60.0,200.0,2015年第1四半期,未改装,,6.3979400086720375
31014029,中古マンション等,,31202,鳥取県,米子市,米原,後藤,3,２ＬＤＫ,65,,,,平成2年,ＳＲＣ,住宅,,,,,第１種住居地域,60.0,200.0,2011年第2四半期,改装済,,6.968482948553935
31003230,中古マンション等,,31202,鳥取県,米子市,上後藤,三本松口,6,３ＬＤＫ,70,,,,平成11年,ＲＣ,,住宅,,,,第１種中高層住居専用地域,60.0,200.0,2019年第3四半期,,,7.176091259055681
31004078,中古マンション等,,31202,鳥取県,米子市,錦町,後藤,6,３ＬＤＫ,70,,,,平成7年,ＲＣ,住宅,住宅,,,,近隣商業地域,80.0,300.0,2021年第1四半期,未改装,,7.041392685158225
31004093,中古マンション等,,31202,鳥取県,米子市,錦町,後藤,3,４ＤＫ,85,,,,昭和59年,ＳＲＣ,,住宅,,,,近隣商業地域,80.0,300.0,2018年第3四半期,未改装,,6.778151250383644
31022507,中古マンション等,,31202,鳥取県,米子市,上福原,米子,30分?60分,３ＬＤＫ,65,,,,,ＳＲＣ,住宅,,,,,第１種中高層住居専用地域,60.0,200.0,2009年第2四半期,未改装,,6.919078092376074
31011494,中古マンション等,,31202,鳥取県,米子市,上福原,米子,30分?60分,３ＬＤＫ,65,,,,平成7年,ＳＲＣ,住宅,,,,,第１種中高層住居専用地域,60.0,200.0,2010年第3四半期,未改装,,7.079181246047625
31013005,中古マンション等,,31201,鳥取県,鳥取市,富安,鳥取,1,３ＬＤＫ,70,,,,平成13年,ＳＲＣ,住宅,,,,,商業地域,80.0,400.0,2011年第3四半期,未改装,,7.204119982655925
31024431,中古マンション等,,31201,鳥取県,鳥取市,吉成,鳥取,15,３ＬＤＫ,70,,,,平成10年,ＲＣ,住宅,,,,,第１種住居地域,60.0,200.0,2008年第2四半期,未改装,,7.204119982655925
31018555,中古マンション等,,31202,鳥取県,米子市,米原,後藤,4,３ＬＤＫ,65,,,,平成2年,ＳＲＣ,住宅,住宅,,,,第１種住居地域,60.0,200.0,2016年第2四半期,未改装,,6.954242509439325
31004879,中古マンション等,,31202,鳥取県,米子市,米原,米子,30分?60分,３ＬＤＫ,70,,,,平成27年,ＲＣ,,住宅,,,,準工業地域,60.0,200.0,2020年第2四半期,,,7.301029995663981
31016409,中古マンション等,,31201,鳥取県,鳥取市,湖山町西,鳥取大学前,5,１ＤＫ,20,,,,平成3年,ＳＲＣ,住宅,住宅,,,,近隣商業地域,80.0,200.0,2016年第2四半期,改装済,,6.6020599913279625
31002494,中古マンション等,,31201,鳥取県,鳥取市,元町,鳥取,10,４ＬＤＫ,80,,,,平成19年,,,住宅,,,,商業地域,80.0,400.0,2018年第1四半期,未改装,,7.3222192947339195
31012078,中古マンション等,,31202,鳥取県,米子市,米原,後藤,11,３ＬＤＫ,90,,,,平成22年,ＲＣ,住宅,,,,,準工業地域,60.0,200.0,2010年第3四半期,未改装,,7.278753600952829
31020799,中古マンション等,,31202,鳥取県,米子市,皆生温泉,米子,1H?1H30,１Ｋ,20,,,,昭和53年,ＲＣ,住宅,,,,,第１種住居地域,60.0,200.0,2013年第3四半期,未改装,,6.176091259055681
31011766,中古マンション等,,31202,鳥取県,米子市,西倉吉町,米子,16,３ＬＤＫ,65,,,,平成6年,ＳＲＣ,住宅,,,,,商業地域,80.0,500.0,2010年第3四半期,未改装,,6.892094602690481
31002299,中古マンション等,,31201,鳥取県,鳥取市,南吉方,鳥取,18,２ＬＤＫ,90,,,,平成14年,ＲＣ,,住宅,,,,準工業地域,60.0,200.0,2020年第2四半期,,,7.146128035678238
31018329,中古マンション等,,31202,鳥取県,米子市,東福原,米子,30分?60分,３ＬＤＫ,70,,,,平成17年,ＲＣ,住宅,住宅,,,,第１種住居地域,60.0,200.0,2016年第1四半期,未改装,,7.230448921378274
31004869,中古マンション等,,31202,鳥取県,米子市,米原,米子,30分?60分,３ＬＤＫ,70,,,,平成25年,ＲＣ,,住宅,,,,準工業地域,60.0,200.0,2022年第1四半期,未改装,,7.2552725051033065
31017285,中古マンション等,,31201,鳥取県,鳥取市,吉方温泉,鳥取,11,３ＬＤＫ,95,,,,平成20年,ＲＣ,住宅,,,,,商業地域,80.0,400.0,2012年第1四半期,未改装,,7.3979400086720375
31010795,中古マンション等,,31201,鳥取県,鳥取市,富安,鳥取,11,３ＬＤＫ,70,,,,平成10年,鉄骨造,住宅,,,,,第１種住居地域,60.0,200.0,2010年第1四半期,未改装,,7.113943352306837
31001141,中古マンション等,,31201,鳥取県,鳥取市,栄町,鳥取,6,３ＬＤＫ,70,,,,,,,住宅,,,,商業地域,80.0,400.0,2019年第4四半期,未改装,,7.278753600952829
31021084,中古マンション等,,31202,鳥取県,米子市,米原,米子,30分?60分,２ＬＤＫ＋Ｓ,80,,,,平成22年,ＲＣ,住宅,,,,,準工業地域,60.0,200.0,2013年第1四半期,未改装,,7.301029995663981
31018059,中古マンション等,,31202,鳥取県,米子市,錦町,後藤,3,４ＬＤＫ,70,,,,昭和59年,ＳＲＣ,住宅,,,,,近隣商業地域,80.0,300.0,2012年第4四半期,,,6.903089986991944
31010367,中古マンション等,,31202,鳥取県,米子市,昭和町,米子,16,２ＬＤＫ＋Ｓ,80,,,,平成20年,ＲＣ,住宅,住宅,,,,近隣商業地域,80.0,300.0,2014年第4四半期,未改装,,7.2552725051033065
31014744,中古マンション等,,31201,鳥取県,鳥取市,永楽温泉町,鳥取,8,３ＬＤＫ,90,,,,平成18年,ＲＣ,住宅,住宅,,,,商業地域,80.0,400.0,2015年第3四半期,改装済,,7.342422680822207
31010110,中古マンション等,,31202,鳥取県,米子市,皆生温泉,米子,1H?1H30,２Ｋ,30,,,,昭和49年,ＲＣ,住宅,住宅,,,,商業地域,80.0,400.0,2014年第3四半期,未改装,,6.146128035678238
31015697,中古マンション等,,31202,鳥取県,米子市,錦町,後藤,5,,65,,,,平成8年,ＲＣ,住宅,住宅,,,,近隣商業地域,80.0,300.0,2015年第1四半期,未改装,,7.113943352306837
31000024,中古マンション等,,31201,鳥取県,鳥取市,青葉町,鳥取,30分?60分,４ＬＤＫ,100,,,,平成20年,ＳＲＣ,住宅,その他,,,,近隣商業地域,80.0,200.0,2020年第4四半期,,,7.3222192947339195
31017647,中古マンション等,,31202,鳥取県,米子市,皆生温泉,米子,1H?1H30,１Ｋ,25,,,,昭和53年,ＳＲＣ,住宅,住宅,,,,第１種住居地域,60.0,200.0,2016年第1四半期,未改装,,6.204119982655925
31012058,中古マンション等,,31202,鳥取県,米子市,米原,後藤,6,３ＬＤＫ,70,,,,平成20年,ＲＣ,住宅,,,,,準工業地域,60.0,200.0,2010年第3四半期,未改装,,7.079181246047625
31001754,中古マンション等,,31201,鳥取県,鳥取市,西町,鳥取,19,３ＬＤＫ,65,,,,平成11年,ＲＣ,住宅,その他,,,,近隣商業地域,80.0,200.0,2017年第1四半期,,,7.230448921378274
31010137,中古マンション等,,31202,鳥取県,米子市,角盤町,米子,15,３ＬＤＫ,65,,,,平成12年,ＳＲＣ,住宅,住宅,,,,商業地域,80.0,400.0,2014年第2四半期,未改装,,7.146128035678238
31002596,中古マンション等,,31201,鳥取県,鳥取市,吉方温泉,鳥取,9,３ＬＤＫ,75,,,,,ＲＣ,住宅,住宅,,,,商業地域,80.0,400.0,2021年第1四半期,未改装,,7.278753600952829
31016412,中古マンション等,,31201,鳥取県,鳥取市,湖山町西,鳥取大学前,5,１Ｋ,20,,,,平成3年,ＳＲＣ,住宅,住宅,,,,近隣商業地域,80.0,200.0,2016年第2四半期,未改装,,6.544068044350276
31003071,中古マンション等,,31202,鳥取県,米子市,皆生,米子,1H?1H30,３ＬＤＫ,70,,,,平成21年,ＲＣ,住宅,住宅,,,,第２種中高層住居専用地域,60.0,200.0,2021年第4四半期,未改装,,7.3222192947339195
31012668,中古マンション等,,31201,鳥取県,鳥取市,湖山町西,鳥取大学前,5,１Ｋ,20,,,,平成3年,ＳＲＣ,住宅,,,,,近隣商業地域,80.0,200.0,2011年第3四半期,未改装,,6.361727836017593
31004388,中古マンション等,,31202,鳥取県,米子市,東福原,米子,30分?60分,３ＬＤＫ,70,,,,平成26年,ＲＣ,,住宅,,,,第１種住居地域,60.0,200.0,2020年第2四半期,,,7.342422680822207
31015542,中古マンション等,,31202,鳥取県,米子市,皆生温泉,米子,1H?1H30,１Ｋ,20,,,,昭和53年,ＲＣ,住宅,住宅,,,,第１種住居地域,60.0,200.0,2015年第4四半期,未改装,,5.903089986991944
31018295,中古マンション等,,31202,鳥取県,米子市,東町,米子,8,３ＬＤＫ,65,,,,平成15年,ＳＲＣ,住宅,住宅,,,,商業地域,80.0,400.0,2016年第1四半期,未改装,,7.3222192947339195
31022474,中古マンション等,,31202,鳥取県,米子市,皆生温泉,米子,1H?1H30,１ＤＫ,30,,,,昭和49年,ＲＣ,住宅,,,,,商業地域,80.0,400.0,2009年第3四半期,未改装,,6.0
31014047,中古マンション等,,31202,鳥取県,米子市,米原,米子,30分?60分,３ＬＤＫ,70,,,,平成20年,ＲＣ,住宅,,,,,準工業地域,60.0,200.0,2011年第3四半期,未改装,,7.2552725051033065
31011496,中古マンション等,,31202,鳥取県,米子市,上福原,米子,30分?60分,３ＬＤＫ,65,,,,平成7年,ＳＲＣ,住宅,,,,,第１種中高層住居専用地域,60.0,200.0,2010年第3四半期,未改装,,6.968482948553935
31016434,中古マンション等,,31201,鳥取県,鳥取市,湖山町東,湖山,10,３ＬＤＫ,70,,,,平成20年,ＲＣ,住宅,住宅,,,,工業地域,60.0,200.0,2016年第1四半期,,,7.176091259055681
31015924,中古マンション等,,31201,鳥取県,鳥取市,扇町,鳥取,4,３ＬＤＫ,70,,,,平成16年,ＳＲＣ,住宅,住宅,,,,商業地域,80.0,400.0,2016年第1四半期,未改装,,7.176091259055681
31009553,中古マンション等,,31201,鳥取県,鳥取市,永楽温泉町,鳥取,7,２ＬＤＫ＋Ｓ,85,,,,平成18年,ＲＣ,住宅,,,,,商業地域,80.0,500.0,2014年第1四半期,未改装,,7.301029995663981
31015662,中古マンション等,,31202,鳥取県,米子市,道笑町,米子,21,３ＬＤＫ,70,,,,平成14年,ＲＣ,住宅,住宅,,,,第１種住居地域,60.0,200.0,2015年第3四半期,改装済,,7.176091259055681
31004097,中古マンション等,,31202,鳥取県,米子市,錦町,後藤,3,４ＤＫ,70,,,,昭和59年,ＳＲＣ,住宅,住宅,,,,近隣商業地域,80.0,300.0,2018年第1四半期,未改装,,6.698970004336019
31011376,中古マンション等,,31202,鳥取県,米子市,皆生,米子,30分?60分,３ＬＤＫ,70,,,,平成21年,ＲＣ,住宅,,,,,第２種中高層住居専用地域,60.0,200.0,2010年第3四半期,未改装,,7.176091259055681
31004094,中古マンション等,,31202,鳥取県,米子市,錦町,後藤,3,４ＤＫ,70,,,,昭和59年,ＳＲＣ,住宅,住宅,,,,近隣商業地域,80.0,300.0,2018年第2四半期,未改装,,6.778151250383644
31003076,中古マンション等,,31202,鳥取県,米子市,皆生,米子,1H?1H30,３ＬＤＫ,85,,,,,ＲＣ,住宅,その他,,,,,,,2020年第2四半期,未改装,,7.361727836017593
31004825,中古マンション等,,31202,鳥取県,米子市,米原,後藤,3,２ＬＤＫ,60,,,,平成13年,ＳＲＣ,,住宅,,,,第１種住居地域,60.0,200.0,2021年第2四半期,未改装,,6.929418925714293
31000595,中古マンション等,,31201,鳥取県,鳥取市,行徳,鳥取,9,３ＬＤＫ,65,,,,平成16年,ＲＣ,,住宅,,,,近隣商業地域,80.0,300.0,2019年第3四半期,,,7.204119982655925
31001685,中古マンション等,,31201,鳥取県,鳥取市,富安,鳥取,9,４ＬＤＫ,85,,,,平成16年,ＲＣ,住宅,住宅,,,,商業地域,80.0,400.0,2017年第2四半期,未改装,,7.301029995663981
31012665,中古マンション等,,31201,鳥取県,鳥取市,湖山町西,鳥取大学前,4,１Ｋ,25,,,,平成3年,ＳＲＣ,住宅,,,,,近隣商業地域,80.0,200.0,2011年第4四半期,未改装,,6.431363764158987
31003525,中古マンション等,,31202,鳥取県,米子市,観音寺新町,米子,30分?60分,３ＬＤＫ,80,,,,平成19年,ＲＣ,,住宅,,,,第２種中高層住居専用地域,60.0,200.0,2018年第1四半期,改装済,,7.342422680822207
31004111,中古マンション等,,31202,鳥取県,米子市,西町,米子,14,３ＬＤＫ,70,,,,平成15年,ＳＲＣ,住宅,住宅,,,,第１種住居地域,60.0,200.0,2018年第2四半期,,,7.146128035678238
31016435,中古マンション等,,31201,鳥取県,鳥取市,湖山町東,湖山,3,３ＬＤＫ,70,,,,平成19年,ＲＣ,住宅,住宅,,,,第１種住居地域,60.0,200.0,2016年第1四半期,未改装,,7.204119982655925
31017645,中古マンション等,,31202,鳥取県,米子市,皆生温泉,米子,1H?1H30,１Ｋ,20,,,,昭和49年,ＲＣ,住宅,住宅,,,,商業地域,80.0,400.0,2016年第1四半期,改装済,,5.698970004336019
31010111,中古マンション等,,31202,鳥取県,米子市,皆生温泉,米子,1H?1H30,２Ｋ,30,,,,昭和49年,ＲＣ,住宅,住宅,,,,商業地域,80.0,400.0,2014年第3四半期,未改装,,6.146128035678238
31000030,中古マンション等,,31201,鳥取県,鳥取市,青葉町,鳥取,30分?60分,３ＬＤＫ,80,,,,平成20年,ＲＣ,住宅,住宅,,,,近隣商業地域,80.0,200.0,2019年第3四半期,改装済,,7.278753600952829
31003250,中古マンション等,,31202,鳥取県,米子市,上後藤,米子,30分?60分,３ＬＤＫ,70,,,,平成19年,ＲＣ,住宅,住宅,,,,第１種住居地域,60.0,200.0,2020年第3四半期,未改装,,7.176091259055681
31004108,中古マンション等,,31202,鳥取県,米子市,西倉吉町,米子,16,２ＬＤＫ,55,,,,平成6年,,,住宅,,,,商業地域,80.0,400.0,2019年第4四半期,,,6.698970004336019
31020430,中古マンション等,,31201,鳥取県,鳥取市,湖山町北,鳥取大学前,4,１Ｋ,20,,,,昭和63年,鉄骨造,住宅,,,,,近隣商業地域,80.0,200.0,2013年第1四半期,未改装,,6.0
31020840,中古マンション等,,31202,鳥取県,米子市,加茂町,米子,17,４ＬＤＫ,70,,,,平成7年,ＲＣ,住宅,,,,,商業地域,80.0,400.0,2013年第4四半期,,,6.929418925714293
31017690,中古マンション等,,31202,鳥取県,米子市,角盤町,米子,13,３ＬＤＫ,70,,,,平成3年,ＲＣ,住宅,住宅,,,,商業地域,80.0,400.0,2016年第3四半期,未改装,,6.963787827345556
31022367,中古マンション等,,31201,鳥取県,鳥取市,吉方,鳥取,14,３ＬＤＫ,65,,,,平成8年,ＲＣ,住宅,,,,,準工業地域,60.0,200.0,2009年第2四半期,未改装,,7.041392685158225
31004828,中古マンション等,,31202,鳥取県,米子市,米原,後藤,8,３ＬＤＫ,70,,,,平成27年,ＲＣ,,住宅,,,,準工業地域,60.0,200.0,2020年第2四半期,,,7.342422680822207
31024118,中古マンション等,,31201,鳥取県,鳥取市,富安,鳥取,8,３ＬＤＫ,75,,,,平成15年,ＲＣ,住宅,,,,,商業地域,80.0,400.0,2008年第1四半期,未改装,,7.462397997898956
31013532,中古マンション等,,31202,鳥取県,米子市,加茂町,米子,15,４ＬＤＫ,70,,,,平成7年,ＲＣ,住宅,,,,,商業地域,80.0,400.0,2011年第2四半期,未改装,,6.991226075692495
31013410,中古マンション等,,31202,鳥取県,米子市,皆生温泉,米子,1H?1H30,１Ｋ,20,,,,昭和49年,ＲＣ,住宅,,,,,商業地域,80.0,400.0,2011年第4四半期,改装済,,5.778151250383644
31015991,中古マンション等,,31202,鳥取県,米子市,米原,後藤,8,３ＬＤＫ,70,,,,平成20年,ＲＣ,住宅,住宅,,,,準工業地域,60.0,200.0,2015年第3四半期,未改装,,7.230448921378274
31021078,中古マンション等,,31202,鳥取県,米子市,米原,後藤,8,３ＬＤＫ,70,,,,平成20年,ＲＣ,住宅,,,,,準工業地域,60.0,200.0,2013年第2四半期,未改装,,7.2552725051033065
31016012,中古マンション等,,31202,鳥取県,米子市,米原,米子,30分?60分,３ＬＤＫ,80,,,,平成22年,ＲＣ,住宅,住宅,,,,準工業地域,60.0,200.0,2015年第4四半期,未改装,,7.301029995663981
31016379,中古マンション等,,31201,鳥取県,鳥取市,湖山町西,鳥取大学前,5,１Ｋ,20,,,,平成3年,ＳＲＣ,住宅,,,,,近隣商業地域,80.0,200.0,2012年第3四半期,未改装,,6.342422680822207
31016477,中古マンション等,,31201,鳥取県,鳥取市,栄町,鳥取,6,４ＬＤＫ,85,,,,平成14年,ＳＲＣ,住宅,,,,,商業地域,80.0,400.0,2012年第1四半期,未改装,,7.301029995663981
31003103,中古マンション等,,31202,鳥取県,米子市,皆生温泉,富士見町(鳥取),30分?60分,１ＤＫ,25,,,,昭和49年,ＳＲＣ,,住宅,,,,商業地域,80.0,400.0,2019年第3四半期,,,5.8750612633917
31000559,中古マンション等,,31201,鳥取県,鳥取市,瓦町,鳥取,7,３ＬＤＫ,60,,,,平成8年,,住宅,住宅,,,,商業地域,80.0,400.0,2018年第2四半期,改装済,,7.176091259055681
31001674,中古マンション等,,31201,鳥取県,鳥取市,富安,鳥取,9,,75,,,,,,,住宅,,,,商業地域,80.0,400.0,2020年第2四半期,未改装,,7.2552725051033065
31003152,中古マンション等,,31202,鳥取県,米子市,皆生温泉,米子,1H?1H30,１Ｋ,25,,,,昭和53年,ＳＲＣ,住宅,その他,,,,第１種住居地域,60.0,200.0,2017年第2四半期,未改装,調停・競売等,5.913813852383717
31015998,中古マンション等,,31202,鳥取県,米子市,米原,後藤,4,２ＬＤＫ,55,,,,平成2年,ＳＲＣ,住宅,住宅,,,,第１種住居地域,60.0,200.0,2015年第2四半期,未改装,,6.812913356642856
31016403,中古マンション等,,31201,鳥取県,鳥取市,湖山町西,鳥取大学前,5,１Ｋ,15,,,,平成3年,ＳＲＣ,住宅,住宅,,,,近隣商業地域,80.0,200.0,2016年第4四半期,改装済,,6.518513939877887
31010718,中古マンション等,,31201,鳥取県,鳥取市,末広温泉町,鳥取,8,３ＬＤＫ,65,,,,平成9年,ＳＲＣ,住宅,,,,,商業地域,80.0,400.0,2010年第4四半期,未改装,調停・競売等,6.939519252618618
31016470,中古マンション等,,31201,鳥取県,鳥取市,幸町,鳥取,5,４ＬＤＫ,95,,,,平成20年,ＲＣ,住宅,,,,,近隣商業地域,60.0,300.0,2012年第3四半期,未改装,調停・競売等,7.230448921378274
31003285,中古マンション等,,31202,鳥取県,米子市,上福原,米子,30分?60分,３ＬＤＫ,65,,,,,,,住宅,,,,第１種中高層住居専用地域,60.0,200.0,2022年第1四半期,未改装,,6.903089986991944
31020801,中古マンション等,,31202,鳥取県,米子市,皆生温泉,米子,1H?1H30,３ＬＤＫ,65,,,,平成13年,ＲＣ,住宅,,,,,第１種住居地域,60.0,200.0,2013年第3四半期,改装済,,7.041392685158225
31000157,中古マンション等,,31201,鳥取県,鳥取市,永楽温泉町,鳥取,7,３ＬＤＫ,85,,,,,ＲＣ,,住宅,,,,商業地域,80.0,400.0,2019年第4四半期,,,7.278753600952829
31022497,中古マンション等,,31202,鳥取県,米子市,上後藤,米子,30分?60分,３ＬＤＫ,65,,,,平成19年,ＲＣ,住宅,,,,,第２種中高層住居専用地域,60.0,200.0,2009年第3四半期,未改装,,7.176091259055681
31020789,中古マンション等,,31202,鳥取県,米子市,皆生,米子,1H?1H30,３ＬＤＫ,80,,,,平成21年,ＲＣ,住宅,,,,,第２種中高層住居専用地域,60.0,200.0,2013年第2四半期,未改装,,7.342422680822207
31004106,中古マンション等,,31202,鳥取県,米子市,西倉吉町,米子,16,３ＬＤＫ,65,,,,平成6年,ＳＲＣ,,住宅,,,,商業地域,80.0,400.0,2020年第2四半期,,,7.113943352306837
31012062,中古マンション等,,31202,鳥取県,米子市,米原,後藤,6,３ＬＤＫ,70,,,,平成20年,ＲＣ,住宅,,,,,準工業地域,60.0,200.0,2010年第3四半期,未改装,,7.079181246047625
31003369,中古マンション等,,31202,鳥取県,米子市,加茂町,米子,16,４ＬＤＫ,70,,,,平成7年,ＲＣ,住宅,住宅,,,,商業地域,80.0,400.0,2018年第4四半期,未改装,,6.892094602690481
31001367,中古マンション等,,31201,鳥取県,鳥取市,末広温泉町,鳥取,9,３ＬＤＫ,65,,,,平成9年,ＳＲＣ,住宅,住宅,,,,商業地域,80.0,400.0,2017年第3四半期,未改装,,7.113943352306837
31000986,中古マンション等,,31201,鳥取県,鳥取市,湖山町北,鳥取大学前,4,１Ｋ,15,,,,昭和64年,鉄骨造,住宅,,,,,近隣商業地域,80.0,200.0,2017年第1四半期,,,6.431363764158987
31011839,中古マンション等,,31202,鳥取県,米子市,東町,米子,8,１ＤＫ,20,,,,平成4年,ＳＲＣ,住宅,,,,,商業地域,80.0,500.0,2010年第4四半期,未改装,,7.176091259055681
31018429,中古マンション等,,31202,鳥取県,米子市,米原,米子,30分?60分,３ＬＤＫ,95,,,,平成22年,ＲＣ,住宅,,,,,準工業地域,60.0,200.0,2012年第4四半期,未改装,,7.380211241711606
31016410,中古マンション等,,31201,鳥取県,鳥取市,湖山町西,鳥取大学前,5,１Ｋ,15,,,,平成3年,ＳＲＣ,住宅,住宅,,,,近隣商業地域,80.0,200.0,2016年第2四半期,,,6.477121254719663
31004842,中古マンション等,,31202,鳥取県,米子市,米原,後藤,3,３ＬＤＫ,65,,,,平成2年,ＳＲＣ,,住宅,,,,第１種住居地域,60.0,200.0,2019年第1四半期,未改装,,7.041392685158225
31001606,中古マンション等,,31201,鳥取県,鳥取市,寺町,鳥取,12,２ＬＤＫ,55,,,,平成13年,ＲＣ,,住宅,,,,近隣商業地域,80.0,300.0,2020年第2四半期,,,6.845098040014257
31001661,中古マンション等,,31201,鳥取県,鳥取市,富安,鳥取,2,４ＬＤＫ,80,,,,平成13年,ＳＲＣ,,住宅,,,,商業地域,80.0,400.0,2022年第1四半期,,,7.176091259055681
31012664,中古マンション等,,31201,鳥取県,鳥取市,湖山町西,鳥取大学前,4,１Ｋ,25,,,,平成3年,ＳＲＣ,住宅,,,,,近隣商業地域,80.0,200.0,2011年第4四半期,未改装,,6.414973347970818
31009974,中古マンション等,,31201,鳥取県,鳥取市,元町,鳥取,11,４ＬＤＫ,85,,,,平成19年,ＲＣ,住宅,住宅,,,,商業地域,80.0,400.0,2014年第4四半期,未改装,,7.342422680822207
31011762,中古マンション等,,31202,鳥取県,米子市,錦町,米子,30分?60分,３ＬＤＫ,65,,,,平成7年,ＲＣ,住宅,,,,,近隣商業地域,80.0,300.0,2010年第3四半期,未改装,,6.963787827345556
31010099,中古マンション等,,31202,鳥取県,米子市,皆生,米子,1H?1H30,３ＬＤＫ,80,,,,平成21年,ＲＣ,住宅,住宅,,,,第２種中高層住居専用地域,60.0,200.0,2014年第2四半期,未改装,,7.380211241711606
31012060,中古マンション等,,31202,鳥取県,米子市,米原,後藤,6,４ＬＤＫ,80,,,,平成20年,ＲＣ,住宅,,,,,準工業地域,60.0,200.0,2010年第3四半期,未改装,,7.146128035678238
31004352,中古マンション等,,31202,鳥取県,米子市,東福原,富士見町(鳥取),28,３ＬＤＫ,70,,,,,ＲＣ,住宅,住宅,,,,,,,2019年第1四半期,改装済,,7.301029995663981
31013701,中古マンション等,,31202,鳥取県,米子市,道笑町,米子,21,４ＬＤＫ,85,,,,平成14年,ＲＣ,住宅,,,,,第１種住居地域,60.0,200.0,2011年第4四半期,未改装,,7.2552725051033065
31012046,中古マンション等,,31202,鳥取県,米子市,米原,後藤,8,３ＬＤＫ,80,,,,平成20年,ＲＣ,住宅,,,,,準工業地域,60.0,200.0,2010年第4四半期,未改装,,7.301029995663981
31003830,中古マンション等,,31202,鳥取県,米子市,道笑町,米子,15,４ＬＤＫ,75,,,,平成14年,ＲＣ,,住宅,,,,第１種住居地域,60.0,200.0,2020年第2四半期,,,7.230448921378274
31001022,中古マンション等,,31201,鳥取県,鳥取市,湖山町西,鳥取大学前,3,１Ｋ,20,,,,平成3年,ＳＲＣ,住宅,住宅,,,,近隣商業地域,80.0,200.0,2017年第2四半期,,,6.477121254719663
31022615,中古マンション等,,31202,鳥取県,米子市,錦町,米子,28,３ＬＤＫ,75,,,,平成9年,ＲＣ,住宅,,,,,近隣商業地域,80.0,300.0,2009年第3四半期,改装済,,7.041392685158225
31017541,中古マンション等,,31202,鳥取県,米子市,皆生温泉,米子,1H?1H30,１Ｋ,25,,,,昭和51年,鉄骨造,住宅,,,,,商業地域,80.0,400.0,2012年第2四半期,未改装,,5.954242509439325
31015602,中古マンション等,,31202,鳥取県,米子市,加茂町,米子,15,４ＬＤＫ,70,,,,平成7年,ＲＣ,住宅,住宅,,,,商業地域,80.0,400.0,2015年第4四半期,未改装,,6.939519252618618
31017409,中古マンション等,,31201,鳥取県,鳥取市,吉成,鳥取,15,３ＬＤＫ,70,,,,平成10年,ＲＣ,住宅,住宅,,,,第１種住居地域,60.0,500.0,2016年第4四半期,未改装,,7.079181246047625
31020717,中古マンション等,,31201,鳥取県,鳥取市,吉成,鳥取,19,３ＬＤＫ,70,,,,,ＲＣ,住宅,,,,,準工業地域,60.0,200.0,2013年第3四半期,未改装,,7.079181246047625
31003701,中古マンション等,,31202,鳥取県,米子市,昭和町,米子,16,４ＬＤＫ,95,,,,平成20年,ＲＣ,住宅,住宅,,,,近隣商業地域,80.0,300.0,2018年第1四半期,,,7.041392685158225
31003149,中古マンション等,,31202,鳥取県,米子市,皆生温泉,米子,1H?1H30,２Ｋ,25,,,,昭和49年,ＲＣ,住宅,その他,,,,商業地域,80.0,400.0,2017年第3四半期,未改装,,5.977723605288848
31003370,中古マンション等,,31202,鳥取県,米子市,加茂町,米子,16,４ＬＤＫ,70,,,,平成7年,ＲＣ,住宅,住宅,,,,商業地域,80.0,400.0,2018年第2四半期,未改装,,6.880813592280791
31015205,中古マンション等,,31201,鳥取県,鳥取市,幸町,鳥取,6,４ＬＤＫ,100,,,,平成20年,ＲＣ,住宅,住宅,,,,近隣商業地域,60.0,300.0,2015年第3四半期,,,7.361727836017593
31011101,中古マンション等,,31201,鳥取県,鳥取市,南町,鳥取,6,３ＬＤＫ,55,,,,昭和64年,ＳＲＣ,住宅,,,,,近隣商業地域,80.0,300.0,2010年第2四半期,改装済,,6.857332496431268
31022739,中古マンション等,,31202,鳥取県,米子市,米原,後藤,8,３ＬＤＫ,65,,,,平成20年,ＲＣ,住宅,,,,,準工業地域,60.0,200.0,2009年第2四半期,未改装,,7.2552725051033065
31017642,中古マンション等,,31202,鳥取県,米子市,皆生温泉,米子,1H?1H30,１Ｋ,20,,,,昭和53年,ＲＣ,住宅,住宅,,,,第１種住居地域,60.0,200.0,2016年第2四半期,未改装,,6.301029995663981
31011384,中古マンション等,,31202,鳥取県,米子市,皆生,米子,1H?1H30,３ＬＤＫ,65,,,,平成21年,ＲＣ,住宅,,,,,第２種中高層住居専用地域,60.0,200.0,2010年第1四半期,未改装,,7.176091259055681
31012074,中古マンション等,,31202,鳥取県,米子市,米原,後藤,11,３ＬＤＫ,90,,,,平成22年,ＲＣ,住宅,,,,,準工業地域,60.0,200.0,2010年第3四半期,未改装,,7.278753600952829
31003504,中古マンション等,,31202,鳥取県,米子市,観音寺新町,米子,30分?60分,４ＬＤＫ,85,,,,平成30年,ＲＣ,,住宅,,,,第２種低層住居専用地域,60.0,200.0,2020年第3四半期,未改装,,7.491361693834273
31001363,中古マンション等,,31201,鳥取県,鳥取市,末広温泉町,鳥取,8,３ＬＤＫ,65,,,,平成9年,ＳＲＣ,住宅,住宅,,,,商業地域,80.0,400.0,2019年第4四半期,未改装,,7.041392685158225
31016002,中古マンション等,,31201,鳥取県,鳥取市,川端,鳥取,14,３ＬＤＫ,70,,,,平成16年,ＳＲＣ,住宅,,,,,近隣商業地域,80.0,300.0,2012年第4四半期,未改装,,7.113943352306837
31013004,中古マンション等,,31201,鳥取県,鳥取市,富安,鳥取,9,３ＬＤＫ,75,,,,平成17年,ＲＣ,住宅,,,,,商業地域,80.0,400.0,2011年第4四半期,未改装,,7.230448921378274
31012059,中古マンション等,,31202,鳥取県,米子市,米原,後藤,6,４ＬＤＫ,80,,,,平成20年,ＲＣ,住宅,,,,,準工業地域,60.0,200.0,2010年第3四半期,未改装,,7.146128035678238
31012112,中古マンション等,,31202,鳥取県,米子市,米原,米子,30分?60分,３ＬＤＫ,90,,,,平成22年,ＲＣ,住宅,,,,,準工業地域,60.0,200.0,2010年第3四半期,改装済,,7.301029995663981
31004421,中古マンション等,,31202,鳥取県,米子市,東福原,米子,30分?60分,３ＬＤＫ,70,,,,平成17年,ＲＣ,住宅,住宅,,,,第１種住居地域,60.0,200.0,2017年第1四半期,改装済,,7.204119982655925
31011259,中古マンション等,,31201,鳥取県,鳥取市,吉成,鳥取,15,３ＬＤＫ,70,,,,平成10年,ＲＣ,住宅,,,,,第１種住居地域,60.0,200.0,2010年第3四半期,未改装,,7.113943352306837
31002165,中古マンション等,,31201,鳥取県,鳥取市,本町,鳥取,13,２ＬＤＫ,65,,,,昭和64年,ＳＲＣ,,住宅,,,,商業地域,80.0,400.0,2020年第2四半期,,,7.113943352306837
31010344,中古マンション等,,31201,鳥取県,鳥取市,川端,鳥取,13,３ＬＤＫ,70,,,,平成16年,ＳＲＣ,住宅,,,,,近隣商業地域,80.0,300.0,2010年第1四半期,改装済,,7.0
31000033,中古マンション等,,31201,鳥取県,鳥取市,青葉町,鳥取,30分?60分,２ＬＤＫ,80,,,,平成20年,ＲＣ,,住宅,,,,近隣商業地域,80.0,200.0,2017年第3四半期,改装済,,7.278753600952829
31018132,中古マンション等,,31202,鳥取県,米子市,中町,米子,15,４ＬＤＫ,80,,,,平成15年,ＲＣ,住宅,住宅,,,,商業地域,80.0,400.0,2016年第3四半期,未改装,,7.278753600952829
31017604,中古マンション等,,31202,鳥取県,米子市,上後藤,三本松口,5,４ＬＤＫ,85,,,,平成19年,ＲＣ,住宅,,,,,第２種中高層住居専用地域,60.0,200.0,2012年第3四半期,未改装,,7.230448921378274
31012094,中古マンション等,,31202,鳥取県,米子市,米原,境港,6,３ＬＤＫ,70,,,,平成20年,ＲＣ,住宅,,,,,準工業地域,60.0,200.0,2010年第3四半期,未改装,,7.079181246047625
31015691,中古マンション等,,31202,鳥取県,米子市,錦町,後藤,7,３ＬＤＫ,70,,,,平成7年,ＲＣ,住宅,住宅,,,,近隣商業地域,80.0,300.0,2015年第3四半期,未改装,,7.146128035678238
31000150,中古マンション等,,31201,鳥取県,鳥取市,永楽温泉町,鳥取,7,２ＬＤＫ,60,,,,令和3年,ＲＣ,住宅,住宅,,,,商業地域,80.0,400.0,2021年第3四半期,未改装,,7.414973347970818
31003304,中古マンション等,,31202,鳥取県,米子市,上福原,米子,30分?60分,３ＬＤＫ,60,,,,平成7年,ＳＲＣ,,住宅,,,,第１種中高層住居専用地域,60.0,200.0,2020年第2四半期,,,7.0
31015849,中古マンション等,,31202,鳥取県,米子市,目久美町,米子,14,３ＬＤＫ,60,,,,平成6年,ＲＣ,住宅,住宅,,,,準工業地域,60.0,200.0,2015年第3四半期,未改装,,6.845098040014257
31003258,中古マンション等,,31202,鳥取県,米子市,上後藤,米子,30分?60分,３ＬＤＫ,70,,,,平成19年,ＲＣ,住宅,住宅,,,,第２種中高層住居専用地域,60.0,200.0,2018年第3四半期,未改装,,7.176091259055681
31012675,中古マンション等,,31201,鳥取県,鳥取市,湖山町西,鳥取大学前,4,２Ｋ,40,,,,平成3年,ＳＲＣ,住宅,,,,,近隣商業地域,80.0,200.0,2011年第2四半期,未改装,調停・競売等,6.763427993562937
31022218,中古マンション等,,31201,鳥取県,鳥取市,末広温泉町,鳥取,8,３ＬＤＫ,65,,,,平成9年,ＳＲＣ,住宅,,,,,商業地域,80.0,400.0,2009年第2四半期,未改装,,7.113943352306837
31000587,中古マンション等,,31201,鳥取県,鳥取市,行徳,鳥取,9,２ＬＤＫ,60,,,,平成21年,ＲＣ,,住宅,,,,近隣商業地域,80.0,300.0,2020年第2四半期,,,7.204119982655925
31024859,中古マンション等,,31202,鳥取県,米子市,旗ヶ崎,米子,30分?60分,３ＬＤＫ,70,,,,平成12年,ＲＣ,住宅,,,,,第１種住居地域,60.0,200.0,2008年第2四半期,,,7.113943352306837
31010206,中古マンション等,,31201,鳥取県,鳥取市,永楽温泉町,鳥取,8,３ＬＤＫ,85,,,,平成18年,ＲＣ,住宅,,,,,商業地域,80.0,400.0,2010年第2四半期,未改装,,7.146128035678238
31010429,中古マンション等,,31202,鳥取県,米子市,道笑町,米子,22,３ＬＤＫ,70,,,,平成14年,ＲＣ,住宅,住宅,,,,第１種住居地域,60.0,200.0,2014年第2四半期,未改装,,7.230448921378274
31010113,中古マンション等,,31202,鳥取県,米子市,皆生温泉,米子,1H?1H30,１Ｋ,20,,,,昭和53年,ＳＲＣ,住宅,その他,,,,第１種住居地域,60.0,200.0,2014年第3四半期,未改装,,6.113943352306837
31024120,中古マンション等,,31201,鳥取県,鳥取市,富安,鳥取,6,３ＬＤＫ,75,,,,平成16年,ＲＣ,住宅,,,,,商業地域,80.0,400.0,2007年第4四半期,未改装,,7.361727836017593
31010343,中古マンション等,,31201,鳥取県,鳥取市,川端,鳥取,10,４ＬＤＫ,85,,,,平成14年,ＳＲＣ,住宅,,,,,商業地域,80.0,400.0,2010年第2四半期,未改装,,7.301029995663981
31024554,中古マンション等,,31202,鳥取県,米子市,皆生温泉,米子,1H?1H30,１Ｋ,20,,,,昭和49年,ＲＣ,住宅,,,,,商業地域,80.0,400.0,2007年第4四半期,未改装,,6.3979400086720375
31011528,中古マンション等,,31202,鳥取県,米子市,加茂町,米子,16,４ＬＤＫ,70,,,,平成7年,ＲＣ,住宅,,,,,商業地域,80.0,400.0,2010年第1四半期,未改装,調停・競売等,6.778151250383644
31003134,中古マンション等,,31202,鳥取県,米子市,皆生温泉,米子,1H?1H30,３ＬＤＫ,70,,,,,ＲＣ,住宅,住宅,,,,第１種住居地域,60.0,200.0,2018年第4四半期,改装済,,7.113943352306837
31002268,中古マンション等,,31201,鳥取県,鳥取市,南町,鳥取,8,２ＬＤＫ,65,,,,平成12年,ＳＲＣ,住宅,住宅,,,,商業地域,80.0,400.0,2021年第2四半期,,,7.230448921378274
31024810,中古マンション等,,31202,鳥取県,米子市,錦町,後藤,3,４ＬＤＫ,70,,,,昭和59年,ＳＲＣ,住宅,,,,,近隣商業地域,80.0,300.0,2008年第3四半期,未改装,,6.698970004336019
31012085,中古マンション等,,31202,鳥取県,米子市,米原,後藤,8,３ＬＤＫ,70,,,,平成20年,ＲＣ,住宅,,,,,準工業地域,60.0,200.0,2010年第3四半期,未改装,,7.2552725051033065
31024550,中古マンション等,,31202,鳥取県,米子市,皆生温泉,米子,1H?1H30,１Ｋ,25,,,,昭和49年,ＲＣ,住宅,,,,,商業地域,80.0,400.0,2008年第4四半期,未改装,,6.230448921378274
31024309,中古マンション等,,31201,鳥取県,鳥取市,南町,鳥取,10,３ＬＤＫ,75,,,,平成12年,ＳＲＣ,住宅,,,,,商業地域,80.0,400.0,2008年第2四半期,改装済,,7.230448921378274
31003509,中古マンション等,,31202,鳥取県,米子市,観音寺新町,米子,30分?60分,３ＬＤＫ,70,,,,平成30年,ＲＣ,住宅,住宅,,,,第２種中高層住居専用地域,60.0,200.0,2019年第3四半期,未改装,,7.3979400086720375
31024558,中古マンション等,,31202,鳥取県,米子市,皆生温泉,米子,1H?1H30,１ＬＫ,25,,,,昭和49年,ＳＲＣ,住宅,,,,,商業地域,80.0,400.0,2007年第2四半期,未改装,,6.146128035678238
31004843,中古マンション等,,31202,鳥取県,米子市,米原,後藤,2,３ＬＤＫ,60,,,,昭和55年,ＳＲＣ,住宅,,,,,第１種住居地域,60.0,200.0,2018年第4四半期,未改装,,6.380211241711606
31012672,中古マンション等,,31201,鳥取県,鳥取市,湖山町西,鳥取大学前,4,１Ｋ,20,,,,平成3年,ＳＲＣ,住宅,,,,,近隣商業地域,80.0,200.0,2011年第2四半期,,,6.3979400086720375
31015450,中古マンション等,,31201,鳥取県,鳥取市,吉方温泉,鳥取,12,３ＬＤＫ,95,,,,平成20年,ＲＣ,住宅,住宅,,,,商業地域,80.0,400.0,2015年第1四半期,未改装,,7.380211241711606
31018288,中古マンション等,,31202,鳥取県,米子市,旗ヶ崎,米子,30分?60分,４ＬＤＫ,85,,,,平成10年,ＲＣ,住宅,住宅,,,,第１種住居地域,60.0,200.0,2016年第1四半期,未改装,,7.041392685158225
31024816,中古マンション等,,31202,鳥取県,米子市,西福原,後藤,21,３ＬＤＫ,70,,,,平成16年,ＲＣ,住宅,,,,,第１種中高層住居専用地域,60.0,200.0,2007年第4四半期,未改装,調停・競売等,7.079181246047625
31004251,中古マンション等,,31202,鳥取県,米子市,旗ヶ崎,後藤,19,３ＬＤＫ,70,,,,平成10年,ＲＣ,,その他,,,,第１種住居地域,60.0,200.0,2018年第4四半期,,,7.079181246047625
31004134,中古マンション等,,31202,鳥取県,米子市,西福原,米子,30分?60分,３ＬＤＫ,70,,,,,,,住宅,,,,第１種中高層住居専用地域,60.0,200.0,2021年第2四半期,,,7.176091259055681
31003121,中古マンション等,,31202,鳥取県,米子市,皆生温泉,米子,1H?1H30,１Ｋ,20,,,,昭和53年,ＳＲＣ,住宅,住宅,,,,第１種住居地域,60.0,200.0,2021年第2四半期,未改装,,5.113943352306837
31017342,中古マンション等,,31201,鳥取県,鳥取市,吉成,鳥取,15,３ＬＤＫ,75,,,,平成10年,ＲＣ,住宅,,,,,第１種住居地域,60.0,200.0,2012年第1四半期,改装済,,7.079181246047625
31018417,中古マンション等,,31202,鳥取県,米子市,米原,後藤,3,２ＬＤＫ,55,,,,,ＳＲＣ,住宅,,,,,第１種住居地域,60.0,200.0,2012年第2四半期,未改装,,6.812913356642856
31003702,中古マンション等,,31202,鳥取県,米子市,昭和町,米子,13,３ＬＤＫ,85,,,,平成20年,ＲＣ,住宅,住宅,,,,近隣商業地域,80.0,300.0,2017年第1四半期,未改装,,7.278753600952829
31002834,中古マンション等,,31202,鳥取県,米子市,安倍,米子,30分?60分,３ＬＤＫ,65,,,,平成18年,ＲＣ,,住宅,,,,第１種住居地域,60.0,200.0,2018年第2四半期,未改装,,7.204119982655925
31000436,中古マンション等,,31201,鳥取県,鳥取市,川端,鳥取,9,オープンフロア,25,,,,平成14年,ＳＲＣ,,店舗,,,,商業地域,80.0,400.0,2018年第1四半期,未改装,,6.698970004336019
31001671,中古マンション等,,31201,鳥取県,鳥取市,富安,鳥取,9,４ＬＤＫ,100,,,,,,,住宅,,,,商業地域,80.0,400.0,2020年第3四半期,未改装,,7.230448921378274
31002829,中古マンション等,,31202,鳥取県,米子市,安倍,米子,30分?60分,３ＬＤＫ,70,,,,平成18年,ＲＣ,,住宅,,,,第１種住居地域,60.0,200.0,2019年第3四半期,,,7.176091259055681
31015546,中古マンション等,,31202,鳥取県,米子市,皆生温泉,米子,1H?1H30,２Ｋ,35,,,,昭和51年,鉄骨造,住宅,住宅,,,,商業地域,80.0,400.0,2015年第3四半期,未改装,,6.041392685158225
31022744,中古マンション等,,31202,鳥取県,米子市,米原,米子,30分?60分,３ＬＤＫ,65,,,,平成20年,ＲＣ,住宅,,,,,準工業地域,60.0,200.0,2009年第4四半期,未改装,,7.278753600952829
31011764,中古マンション等,,31202,鳥取県,米子市,錦町,米子,28,３ＬＤＫ,65,,,,平成5年,ＲＣ,住宅,,,,,近隣商業地域,80.0,300.0,2010年第2四半期,未改装,調停・競売等,6.477121254719663
31012061,中古マンション等,,31202,鳥取県,米子市,米原,後藤,6,３ＬＤＫ,70,,,,平成20年,ＲＣ,住宅,,,,,準工業地域,60.0,200.0,2010年第3四半期,未改装,,7.113943352306837
31020959,中古マンション等,,31202,鳥取県,米子市,錦町,後藤,3,３ＬＤＫ,65,,,,平成5年,ＲＣ,住宅,,,,,近隣商業地域,80.0,300.0,2013年第4四半期,,,6.799340549453582
31016406,中古マンション等,,31201,鳥取県,鳥取市,湖山町東,湖山,3,３ＬＤＫ,65,,,,平成19年,ＲＣ,住宅,,,,,第１種住居地域,60.0,200.0,2012年第2四半期,未改装,調停・競売等,7.079181246047625
31002395,中古マンション等,,31201,鳥取県,鳥取市,宮長,鳥取,30分?60分,３ＬＤＫ,70,,,,平成18年,ＲＣ,住宅,住宅,,,,準工業地域,60.0,200.0,2017年第2四半期,,,7.230448921378274
31016064,中古マンション等,,31201,鳥取県,鳥取市,川端,鳥取,13,３ＬＤＫ,70,,,,平成16年,ＳＲＣ,住宅,住宅,,,,近隣商業地域,80.0,300.0,2016年第3四半期,未改装,,7.2552725051033065
31002270,中古マンション等,,31201,鳥取県,鳥取市,南町,鳥取,8,３ＬＤＫ,60,,,,昭和64年,ＳＲＣ,住宅,住宅,,,,近隣商業地域,80.0,300.0,2020年第1四半期,改装済,,6.944482672150168
31016829,中古マンション等,,31201,鳥取県,鳥取市,富安,鳥取,9,２ＬＤＫ,60,,,,平成16年,ＲＣ,住宅,住宅,,,,商業地域,80.0,400.0,2016年第3四半期,未改装,,7.146128035678238
31012064,中古マンション等,,31202,鳥取県,米子市,米原,後藤,6,３ＬＤＫ,65,,,,平成20年,ＲＣ,住宅,,,,,準工業地域,60.0,200.0,2010年第3四半期,未改装,,7.079181246047625
31018428,中古マンション等,,31202,鳥取県,米子市,米原,米子,30分?60分,３ＬＤＫ,70,,,,平成12年,ＲＣ,住宅,,,,,第１種住居地域,60.0,200.0,2012年第4四半期,改装済,,7.113943352306837
31004267,中古マンション等,,31202,鳥取県,米子市,旗ヶ崎,米子,30分?60分,３ＬＤＫ,70,,,,平成12年,ＲＣ,,住宅,,,,第１種住居地域,60.0,200.0,2022年第1四半期,,,7.176091259055681
31003340,中古マンション等,,31202,鳥取県,米子市,上福原,米子,30分?60分,３ＬＤＫ,65,,,,平成6年,ＳＲＣ,住宅,住宅,,,,第１種中高層住居専用地域,60.0,200.0,2018年第1四半期,未改装,,6.903089986991944
31003366,中古マンション等,,31202,鳥取県,米子市,加茂町,米子,15,３ＬＤＫ,70,,,,平成7年,ＲＣ,住宅,住宅,,,,商業地域,80.0,400.0,2019年第1四半期,改装済,,7.113943352306837
31001023,中古マンション等,,31201,鳥取県,鳥取市,湖山町西,鳥取大学前,5,１Ｋ,15,,,,平成3年,ＳＲＣ,住宅,住宅,,,,近隣商業地域,80.0,200.0,2017年第1四半期,,,6.556302500767288
31015834,中古マンション等,,31201,鳥取県,鳥取市,永楽温泉町,鳥取,7,４ＬＤＫ,115,,,,平成18年,ＲＣ,住宅,,,,,商業地域,80.0,500.0,2012年第4四半期,未改装,,7.3222192947339195
31022482,中古マンション等,,31202,鳥取県,米子市,皆生温泉,米子,1H?1H30,１Ｋ,20,,,,昭和53年,ＳＲＣ,住宅,,,,,第１種住居地域,60.0,200.0,2009年第1四半期,,,6.301029995663981
31016415,中古マンション等,,31201,鳥取県,鳥取市,湖山町西,鳥取大学前,5,１Ｋ,15,,,,平成3年,ＳＲＣ,住宅,住宅,,,,近隣商業地域,80.0,200.0,2016年第1四半期,改装済,,6.477121254719663
31011687,中古マンション等,,31202,鳥取県,米子市,道笑町,米子,22,４ＬＤＫ,85,,,,平成14年,ＲＣ,住宅,,,,,第１種住居地域,60.0,200.0,2010年第4四半期,未改装,,7.278753600952829
31009589,中古マンション等,,31201,鳥取県,鳥取市,川端,鳥取,10,４ＬＤＫ,85,,,,平成14年,ＳＲＣ,住宅,住宅,,,,商業地域,80.0,400.0,2014年第3四半期,未改装,,7.278753600952829
31022165,中古マンション等,,31201,鳥取県,鳥取市,湖山町東,湖山,3,３ＬＤＫ,65,,,,平成19年,ＲＣ,住宅,,,,,第１種住居地域,60.0,200.0,2009年第3四半期,未改装,,7.230448921378274
31022738,中古マンション等,,31202,鳥取県,米子市,米原,後藤,8,３ＬＤＫ,70,,,,平成20年,ＲＣ,住宅,,,,,準工業地域,60.0,200.0,2009年第2四半期,未改装,,7.278753600952829
31024814,中古マンション等,,31202,鳥取県,米子市,西町,米子,14,３ＬＤＫ,75,,,,平成15年,ＳＲＣ,住宅,,,,,第１種住居地域,60.0,200.0,2008年第2四半期,,,7.278753600952829
31012075,中古マンション等,,31202,鳥取県,米子市,米原,後藤,6,３ＬＤＫ,70,,,,平成20年,ＲＣ,住宅,,,,,準工業地域,60.0,200.0,2010年第3四半期,未改装,,7.278753600952829
31001687,中古マンション等,,31201,鳥取県,鳥取市,富安,鳥取,9,３ＬＤＫ,85,,,,平成2年,鉄骨造,住宅,住宅,,,,第１種住居地域,60.0,200.0,2017年第1四半期,未改装,,6.799340549453582
31000026,中古マンション等,,31201,鳥取県,鳥取市,青葉町,鳥取,29,３ＬＤＫ,65,,,,平成15年,ＲＣ,住宅,住宅,,,,近隣商業地域,80.0,200.0,2020年第1四半期,未改装,,7.113943352306837
31012054,中古マンション等,,31202,鳥取県,米子市,米原,後藤,6,３ＬＤＫ,65,,,,平成20年,ＲＣ,住宅,,,,,準工業地域,60.0,200.0,2010年第3四半期,未改装,,7.041392685158225
31004820,中古マンション等,,31202,鳥取県,米子市,米原,後藤,3,,85,,,,,,,住宅,,,,第１種住居地域,60.0,200.0,2022年第1四半期,未改装,,7.2552725051033065
31022736,中古マンション等,,31202,鳥取県,米子市,米原,後藤,4,３ＬＤＫ,65,,,,平成2年,ＳＲＣ,住宅,,,,,第１種住居地域,60.0,200.0,2009年第3四半期,未改装,,6.653212513775344
31003341,中古マンション等,,31202,鳥取県,米子市,上福原,米子,30分?60分,３ＬＤＫ,65,,,,平成6年,ＳＲＣ,住宅,住宅,,,,第１種中高層住居専用地域,60.0,200.0,2018年第1四半期,未改装,,6.919078092376074
31010600,中古マンション等,,31201,鳥取県,鳥取市,湖山町西,鳥取大学前,5,１Ｋ,20,,,,平成3年,ＳＲＣ,住宅,,,,,近隣商業地域,80.0,200.0,2010年第4四半期,未改装,調停・競売等,6.556302500767288
31004849,中古マンション等,,31202,鳥取県,米子市,米原,後藤,4,３ＬＤＫ,70,,,,平成29年,ＲＣ,住宅,住宅,,,,準工業地域,60.0,200.0,2017年第4四半期,改装済,,7.3979400086720375
31016398,中古マンション等,,31201,鳥取県,鳥取市,湖山町西,鳥取大学前,5,１Ｋ,20,,,,平成3年,ＳＲＣ,住宅,住宅,,,,近隣商業地域,80.0,200.0,2016年第4四半期,改装済,,6.518513939877887
31018554,中古マンション等,,31202,鳥取県,米子市,米原,後藤,4,３ＬＤＫ,70,,,,平成20年,ＲＣ,住宅,住宅,,,,準工業地域,60.0,200.0,2016年第2四半期,未改装,,7.146128035678238
31015541,中古マンション等,,31202,鳥取県,米子市,皆生温泉,米子,1H?1H30,４ＬＤＫ,80,,,,平成13年,ＲＣ,住宅,住宅,,,,第１種住居地域,60.0,200.0,2015年第4四半期,未改装,調停・競売等,7.041392685158225
31025014,中古マンション等,,31202,鳥取県,米子市,米原,後藤,4,３ＬＤＫ,65,,,,平成13年,ＲＣ,住宅,,,,,第１種住居地域,60.0,200.0,2008年第3四半期,改装済,,7.146128035678238
31018164,中古マンション等,,31202,鳥取県,米子市,錦町,後藤,11,,70,,,,平成7年,ＳＲＣ,住宅,住宅,,,,近隣商業地域,80.0,300.0,2016年第3四半期,,,7.041392685158225
31018038,中古マンション等,,31202,鳥取県,米子市,中町,米子,15,４ＬＤＫ,80,,,,平成15年,ＲＣ,住宅,,,,,商業地域,80.0,400.0,2012年第1四半期,,,7.204119982655925
31004087,中古マンション等,,31202,鳥取県,米子市,錦町,後藤,4,３ＬＤＫ,70,,,,平成9年,ＲＣ,住宅,住宅,,,,近隣商業地域,80.0,300.0,2019年第2四半期,改装済,,7.146128035678238
31021001,中古マンション等,,31202,鳥取県,米子市,東町,米子,8,１ＤＫ,20,,,,平成4年,ＳＲＣ,住宅,,,,,商業地域,80.0,500.0,2013年第3四半期,未改装,,6.544068044350276
31012122,中古マンション等,,31202,鳥取県,米子市,米原,米子,30分?60分,３ＬＤＫ,80,,,,平成22年,ＲＣ,住宅,,,,,準工業地域,60.0,200.0,2010年第2四半期,未改装,,7.230448921378274
31003831,中古マンション等,,31202,鳥取県,米子市,道笑町,米子,15,３ＬＤＫ,70,,,,平成14年,ＲＣ,,住宅,,,,第１種住居地域,60.0,200.0,2020年第2四半期,,,7.146128035678238
31012063,中古マンション等,,31202,鳥取県,米子市,米原,後藤,6,３ＬＤＫ,70,,,,平成20年,ＲＣ,住宅,,,,,準工業地域,60.0,200.0,2010年第3四半期,未改装,,7.079181246047625
31012382,中古マンション等,,31201,鳥取県,鳥取市,瓦町,鳥取,7,３ＬＤＫ,60,,,,平成8年,ＳＲＣ,住宅,,,,,商業地域,80.0,400.0,2011年第4四半期,未改装,,7.079181246047625
31017095,中古マンション等,,31201,鳥取県,鳥取市,南町,鳥取,8,３ＬＤＫ,75,,,,平成12年,ＳＲＣ,住宅,,,,,商業地域,80.0,400.0,2012年第2四半期,未改装,,7.176091259055681
31021080,中古マンション等,,31202,鳥取県,米子市,米原,後藤,4,３ＬＤＫ,60,,,,昭和55年,ＲＣ,住宅,,,,,準工業地域,60.0,200.0,2013年第2四半期,改装済,,6.7923916894982534
31020794,中古マンション等,,31202,鳥取県,米子市,皆生温泉,米子,1H?1H30,,35,,,,昭和53年,ＳＲＣ,住宅,,,,,第１種住居地域,60.0,200.0,2013年第4四半期,,,6.414973347970818
31017537,中古マンション等,,31202,鳥取県,米子市,皆生温泉,米子,1H?1H30,１ＬＤＫ,20,,,,昭和51年,鉄骨造,住宅,,,,,商業地域,80.0,400.0,2012年第2四半期,,,5.778151250383644
31016832,中古マンション等,,31201,鳥取県,鳥取市,富安,鳥取,9,３ＬＤＫ,90,,,,平成18年,ＲＣ,住宅,住宅,,,,商業地域,80.0,400.0,2016年第1四半期,未改装,,7.204119982655925
31020460,中古マンション等,,31201,鳥取県,鳥取市,幸町,鳥取,6,３ＬＤＫ,80,,,,平成20年,ＲＣ,住宅,,,,,近隣商業地域,60.0,300.0,2013年第1四半期,未改装,,7.2552725051033065
31009696,中古マンション等,,31201,鳥取県,鳥取市,寿町,鳥取,15,３ＬＤＫ,70,,,,平成16年,ＲＣ,住宅,,,,,第１種住居地域,60.0,200.0,2014年第1四半期,未改装,,7.2552725051033065
31012670,中古マンション等,,31201,鳥取県,鳥取市,湖山町西,鳥取大学前,4,１Ｋ,20,,,,平成3年,ＳＲＣ,住宅,,,,,近隣商業地域,80.0,200.0,2011年第2四半期,未改装,,6.380211241711606
31016831,中古マンション等,,31201,鳥取県,鳥取市,富安,鳥取,9,３ＬＤＫ,75,,,,平成16年,ＲＣ,住宅,住宅,,,,商業地域,80.0,400.0,2016年第1四半期,,,7.176091259055681
31015733,中古マンション等,,31202,鳥取県,米子市,旗ヶ崎,米子,30分?60分,３ＬＤＫ,70,,,,平成12年,ＲＣ,住宅,住宅,,,,第１種住居地域,60.0,200.0,2015年第2四半期,未改装,,7.146128035678238
31021002,中古マンション等,,31202,鳥取県,米子市,東町,米子,9,３ＬＤＫ,65,,,,平成15年,ＳＲＣ,住宅,,,,,商業地域,80.0,400.0,2013年第2四半期,改装済,,7.278753600952829
31020714,中古マンション等,,31201,鳥取県,鳥取市,吉成,鳥取,20,３ＬＤＫ,65,,,,平成12年,ＲＣ,住宅,,,,,準工業地域,60.0,200.0,2013年第4四半期,未改装,,7.041392685158225
31009712,中古マンション等,,31201,鳥取県,鳥取市,湖山町北,鳥取大学前,1,１Ｋ,20,,,,昭和62年,鉄骨造,住宅,,,,,近隣商業地域,80.0,200.0,2014年第1四半期,改装済,,6.230448921378274
31004837,中古マンション等,,31202,鳥取県,米子市,米原,後藤,9,３ＬＤＫ,80,,,,平成22年,ＲＣ,,住宅,,,,準工業地域,60.0,200.0,2019年第3四半期,,,7.2552725051033065
31003249,中古マンション等,,31202,鳥取県,米子市,上後藤,米子,30分?60分,３ＬＤＫ,75,,,,,ＲＣ,住宅,住宅,,,,第１種住居地域,60.0,200.0,2020年第3四半期,未改装,,7.230448921378274
31000992,中古マンション等,,31201,鳥取県,鳥取市,湖山町西,湖山,5,１Ｋ,20,,,,平成3年,ＳＲＣ,住宅,住宅,,,,近隣商業地域,80.0,200.0,2017年第2四半期,未改装,,6.477121254719663
31002295,中古マンション等,,31201,鳥取県,鳥取市,南吉方,鳥取,18,２ＬＤＫ,60,,,,平成14年,ＲＣ,,住宅,,,,準工業地域,60.0,200.0,2020年第3四半期,,,7.146128035678238
31014749,中古マンション等,,31201,鳥取県,鳥取市,永楽温泉町,鳥取,7,３ＬＤＫ,85,,,,平成18年,ＲＣ,住宅,住宅,,,,商業地域,80.0,500.0,2015年第1四半期,未改装,,7.342422680822207
31010602,中古マンション等,,31201,鳥取県,鳥取市,湖山町西,鳥取大学前,5,１Ｋ,15,,,,平成3年,ＳＲＣ,住宅,,,,,近隣商業地域,80.0,200.0,2010年第4四半期,未改装,調停・競売等,6.556302500767288
31001138,中古マンション等,,31201,鳥取県,鳥取市,栄町,鳥取,3,３ＬＤＫ,75,,,,平成20年,ＳＲＣ,,住宅,,,,商業地域,80.0,600.0,2022年第1四半期,,,7.342422680822207
31012070,中古マンション等,,31202,鳥取県,米子市,米原,後藤,6,３ＬＤＫ,70,,,,平成20年,ＲＣ,住宅,,,,,準工業地域,60.0,200.0,2010年第3四半期,未改装,,7.079181246047625
31012056,中古マンション等,,31202,鳥取県,米子市,米原,後藤,6,３ＬＤＫ,70,,,,平成20年,ＲＣ,住宅,,,,,準工業地域,60.0,200.0,2010年第3四半期,未改装,,7.079181246047625
31001669,中古マンション等,,31201,鳥取県,鳥取市,富安,鳥取,10,３ＬＤＫ,70,,,,平成29年,ＲＣ,,住宅,,,,商業地域,80.0,400.0,2021年第1四半期,,,7.431363764158987
31024262,中古マンション等,,31201,鳥取県,鳥取市,本町,鳥取,15,３ＬＤＫ,65,,,,昭和64年,ＳＲＣ,住宅,,,,,商業地域,80.0,400.0,2008年第2四半期,未改装,,6.724275869600789
31004288,中古マンション等,,31202,鳥取県,米子市,旗ヶ崎,米子,30分?60分,２ＬＤＫ,65,,,,平成10年,ＲＣ,住宅,住宅,,,,第１種住居地域,60.0,200.0,2020年第3四半期,未改装,,6.949390006644912
31015585,中古マンション等,,31202,鳥取県,米子市,上福原,米子,30分?60分,３ＬＤＫ,65,,,,平成6年,ＳＲＣ,住宅,住宅,,,,第１種中高層住居専用地域,60.0,200.0,2015年第4四半期,未改装,,7.041392685158225
31016413,中古マンション等,,31201,鳥取県,鳥取市,湖山町西,鳥取大学前,5,１Ｋ,20,,,,平成3年,ＳＲＣ,住宅,住宅,,,,近隣商業地域,80.0,200.0,2016年第2四半期,未改装,,6.518513939877887
31013409,中古マンション等,,31202,鳥取県,米子市,皆生温泉,米子,1H?1H30,２Ｋ,25,,,,昭和49年,ＳＲＣ,住宅,,,,,商業地域,80.0,400.0,2011年第4四半期,未改装,,6.079181246047625
31024119,中古マンション等,,31201,鳥取県,鳥取市,富安,鳥取,8,４ＬＤＫ,85,,,,平成16年,ＲＣ,住宅,,,,,商業地域,80.0,400.0,2008年第1四半期,未改装,,7.342422680822207
31017633,中古マンション等,,31202,鳥取県,米子市,皆生温泉,米子,1H?1H30,１Ｋ,25,,,,昭和49年,ＲＣ,住宅,住宅,,,,商業地域,80.0,400.0,2016年第3四半期,未改装,,5.954242509439325
31017247,中古マンション等,,31201,鳥取県,鳥取市,元町,鳥取,10,４ＬＤＫ,85,,,,平成19年,ＲＣ,住宅,,,,,商業地域,80.0,400.0,2012年第2四半期,未改装,,7.342422680822207
31012090,中古マンション等,,31202,鳥取県,米子市,米原,後藤,3,３ＬＤＫ,65,,,,平成13年,ＲＣ,住宅,,,,,第１種住居地域,60.0,200.0,2010年第2四半期,改装済,,7.079181246047625
31015663,中古マンション等,,31202,鳥取県,米子市,道笑町,米子,17,３ＬＤＫ,70,,,,平成7年,ＲＣ,住宅,住宅,,,,近隣商業地域,80.0,300.0,2015年第3四半期,未改装,,7.113943352306837
31004418,中古マンション等,,31202,鳥取県,米子市,東福原,米子,30分?60分,３ＬＤＫ,65,,,,平成17年,ＲＣ,住宅,住宅,,,,第１種住居地域,60.0,200.0,2017年第2四半期,未改装,,7.230448921378274
31010796,中古マンション等,,31201,鳥取県,鳥取市,富安,鳥取,9,３ＬＤＫ,75,,,,平成16年,ＲＣ,住宅,,,,,商業地域,80.0,400.0,2010年第1四半期,未改装,,7.176091259055681
31020973,中古マンション等,,31202,鳥取県,米子市,西福原,三本松口,29,,80,,,,平成16年,ＲＣ,住宅,,,,,第１種中高層住居専用地域,60.0,200.0,2013年第4四半期,未改装,,7.176091259055681
31013765,中古マンション等,,31202,鳥取県,米子市,錦町,後藤,4,３ＬＤＫ,70,,,,平成9年,ＲＣ,住宅,,,,,近隣商業地域,80.0,300.0,2011年第4四半期,改装済,,7.146128035678238
31010632,中古マンション等,,31201,鳥取県,鳥取市,幸町,鳥取,5,３ＬＤＫ,80,,,,平成21年,ＲＣ,住宅,,,,,近隣商業地域,60.0,300.0,2010年第3四半期,未改装,,7.230448921378274
31002164,中古マンション等,,31201,鳥取県,鳥取市,本町,鳥取,13,３ＬＤＫ,65,,,,昭和64年,ＳＲＣ,,住宅,,,,商業地域,80.0,400.0,2020年第4四半期,,,6.079181246047625
31013268,中古マンション等,,31201,鳥取県,鳥取市,吉方温泉,鳥取,9,３ＬＤＫ,60,,,,平成6年,ＲＣ,住宅,,,,,商業地域,80.0,400.0,2011年第1四半期,改装済,,7.176091259055681
31010609,中古マンション等,,31201,鳥取県,鳥取市,湖山町西,鳥取大学前,6,１Ｋ,15,,,,平成3年,ＳＲＣ,住宅,,,,,近隣商業地域,80.0,200.0,2010年第2四半期,未改装,,6.041392685158225
31000997,中古マンション等,,31201,鳥取県,鳥取市,湖山町西,鳥取大学前,4,１Ｋ,15,,,,平成3年,ＳＲＣ,,その他,,,,近隣商業地域,80.0,200.0,2022年第1四半期,未改装,,6.0
31017305,中古マンション等,,31201,鳥取県,鳥取市,元町,鳥取,10,３ＬＤＫ,85,,,,平成19年,ＲＣ,住宅,,,,,商業地域,80.0,400.0,2016年第4四半期,,,7.3979400086720375
31000609,中古マンション等,,31201,鳥取県,鳥取市,行徳,鳥取,11,４ＬＤＫ,85,,,,平成16年,ＲＣ,住宅,住宅,,,,近隣商業地域,80.0,300.0,2017年第1四半期,改装済,,7.301029995663981
31015694,中古マンション等,,31202,鳥取県,米子市,錦町,後藤,5,４ＬＤＫ,80,,,,平成8年,ＲＣ,住宅,住宅,,,,近隣商業地域,80.0,300.0,2015年第2四半期,未改装,,7.146128035678238
31020798,中古マンション等,,31202,鳥取県,米子市,皆生温泉,米子,1H?1H30,１Ｋ,20,,,,昭和53年,ＳＲＣ,住宅,,,,,第１種住居地域,60.0,200.0,2013年第3四半期,改装済,,6.079181246047625
31020435,中古マンション等,,31201,鳥取県,鳥取市,湖山町西,鳥取大学前,4,１Ｋ,20,,,,平成3年,ＳＲＣ,住宅,,,,,近隣商業地域,80.0,200.0,2013年第3四半期,未改装,,6.414973347970818
31025017,中古マンション等,,31202,鳥取県,米子市,米原,後藤,4,３ＬＤＫ,65,,,,平成2年,ＳＲＣ,住宅,,,,,第１種住居地域,60.0,200.0,2007年第4四半期,,,7.176091259055681
31011260,中古マンション等,,31201,鳥取県,鳥取市,吉成,鳥取,14,３ＬＤＫ,75,,,,平成10年,ＲＣ,住宅,,,,,第１種住居地域,60.0,200.0,2010年第3四半期,未改装,,7.041392685158225
31023963,中古マンション等,,31201,鳥取県,鳥取市,栄町,鳥取,8,４ＬＤＫ,80,,,,平成14年,ＳＲＣ,住宅,,,,,商業地域,80.0,400.0,2007年第4四半期,未改装,,7.301029995663981
31004417,中古マンション等,,31202,鳥取県,米子市,東福原,米子,30分?60分,２ＬＤＫ,60,,,,平成17年,ＲＣ,住宅,住宅,,,,第１種住居地域,60.0,200.0,2017年第3四半期,未改装,,7.041392685158225
31016391,中古マンション等,,31201,鳥取県,鳥取市,湖山町北,鳥取大学前,4,１Ｋ,20,,,,昭和63年,鉄骨造,住宅,住宅,,,,近隣商業地域,80.0,200.0,2016年第1四半期,,,6.3222192947339195
31000596,中古マンション等,,31201,鳥取県,鳥取市,行徳,鳥取,9,３ＬＤＫ,70,,,,平成16年,ＲＣ,住宅,住宅,,,,近隣商業地域,80.0,300.0,2019年第3四半期,改装済,,7.3222192947339195
31009830,中古マンション等,,31201,鳥取県,鳥取市,富安,鳥取,10,３ＬＤＫ＋Ｓ,90,,,,平成19年,ＲＣ,住宅,住宅,,,,商業地域,80.0,400.0,2014年第4四半期,未改装,,7.278753600952829
31017586,中古マンション等,,31202,鳥取県,米子市,角盤町,米子,14,３ＬＤＫ,70,,,,平成3年,ＳＲＣ,住宅,,,,,商業地域,80.0,400.0,2012年第4四半期,未改装,,7.0
31003372,中古マンション等,,31202,鳥取県,米子市,加茂町,米子,16,４ＬＤＫ,70,,,,平成7年,ＲＣ,住宅,住宅,,,,商業地域,80.0,400.0,2018年第1四半期,未改装,,6.857332496431268
31003150,中古マンション等,,31202,鳥取県,米子市,皆生温泉,米子,1H?1H30,１Ｋ,20,,,,昭和53年,ＳＲＣ,住宅,,,,,第１種住居地域,60.0,200.0,2017年第3四半期,未改装,,5.903089986991944
31015338,中古マンション等,,31201,鳥取県,鳥取市,西町,鳥取,19,３ＬＤＫ,65,,,,平成11年,ＲＣ,住宅,その他,,,,近隣商業地域,80.0,300.0,2015年第4四半期,未改装,,7.176091259055681
31020441,中古マンション等,,31201,鳥取県,鳥取市,湖山町西,鳥取大学前,4,１Ｋ,15,,,,平成3年,ＳＲＣ,住宅,,,,,近隣商業地域,80.0,200.0,2013年第1四半期,未改装,,6.361727836017593
31003290,中古マンション等,,31202,鳥取県,米子市,上福原,米子,30分?60分,,60,,,,平成7年,ＳＲＣ,,住宅,,,,第１種中高層住居専用地域,60.0,200.0,2021年第4四半期,,,7.041392685158225
31004372,中古マンション等,,31202,鳥取県,米子市,東福原,米子,30分?60分,３ＬＤＫ,70,,,,,,,住宅,,,,第１種中高層住居専用地域,60.0,200.0,2021年第2四半期,,,7.431363764158987
31002706,中古マンション等,,31201,鳥取県,鳥取市,吉成,鳥取,14,３ＬＤＫ,70,,,,平成10年,ＲＣ,,,,,,第１種住居地域,60.0,200.0,2019年第4四半期,改装済,,7.2552725051033065
31022079,中古マンション等,,31201,鳥取県,鳥取市,瓦町,鳥取,8,４ＬＤＫ,70,,,,平成8年,ＳＲＣ,住宅,,,,,商業地域,80.0,400.0,2009年第3四半期,改装済,,7.079181246047625
31020446,中古マンション等,,31201,鳥取県,鳥取市,湖山町東,湖山,3,３ＬＤＫ,65,,,,,ＲＣ,住宅,,,,,第１種住居地域,60.0,200.0,2013年第3四半期,未改装,,7.204119982655925
31020643,中古マンション等,,31201,鳥取県,鳥取市,本町,鳥取,14,３ＤＫ,75,,,,昭和64年,ＳＲＣ,住宅,,,,,商業地域,80.0,400.0,2013年第3四半期,未改装,,6.6020599913279625
31004412,中古マンション等,,31202,鳥取県,米子市,東福原,米子,30分?60分,４ＬＤＫ,85,,,,平成17年,ＲＣ,,住宅,,,,第１種住居地域,60.0,200.0,2018年第1四半期,未改装,,7.230448921378274
31021005,中古マンション等,,31202,鳥取県,米子市,東福原,富士見町(鳥取),24,２ＤＫ＋Ｓ,65,,,,平成17年,ＲＣ,住宅,,,,,第１種住居地域,60.0,200.0,2013年第4四半期,未改装,,7.2552725051033065
31004112,中古マンション等,,31202,鳥取県,米子市,西町,米子,14,４ＬＤＫ,90,,,,,ＳＲＣ,住宅,住宅,,,,第１種住居地域,60.0,200.0,2017年第1四半期,未改装,,7.380211241711606
31004408,中古マンション等,,31202,鳥取県,米子市,東福原,米子,30分?60分,３ＬＤＫ,65,,,,平成17年,ＲＣ,住宅,住宅,,,,第１種住居地域,60.0,200.0,2018年第2四半期,未改装,,7.146128035678238
31022506,中古マンション等,,31202,鳥取県,米子市,上福原,米子,30分?60分,３ＬＤＫ,60,,,,平成6年,ＳＲＣ,住宅,,,,,第１種中高層住居専用地域,60.0,200.0,2009年第2四半期,未改装,,6.845098040014257
31024804,中古マンション等,,31202,鳥取県,米子市,中町,米子,15,３ＬＤＫ,70,,,,平成15年,ＲＣ,住宅,,,,,商業地域,80.0,400.0,2007年第3四半期,未改装,,7.278753600952829
31004344,中古マンション等,,31202,鳥取県,米子市,東町,米子,6,３ＬＤＫ,75,,,,平成21年,ＲＣ,住宅,住宅,,,,商業地域,80.0,500.0,2018年第2四半期,,,7.2552725051033065
31004839,中古マンション等,,31202,鳥取県,米子市,米原,後藤,4,３ＬＤＫ,80,,,,平成29年,ＲＣ,,住宅,,,,準工業地域,60.0,200.0,2019年第3四半期,,,7.230448921378274
31009934,中古マンション等,,31201,鳥取県,鳥取市,南町,鳥取,8,４ＬＤＫ,75,,,,昭和64年,ＳＲＣ,住宅,,,,,近隣商業地域,80.0,300.0,2014年第1四半期,未改装,,6.863322860120456
31017157,中古マンション等,,31201,鳥取県,鳥取市,南町,鳥取,9,３ＤＫ,60,,,,昭和64年,ＳＲＣ,住宅,住宅,,,,近隣商業地域,80.0,300.0,2016年第4四半期,未改装,,6.9084850188786495
31016390,中古マンション等,,31201,鳥取県,鳥取市,湖山町北,鳥取大学前,4,１Ｋ,20,,,,昭和63年,鉄骨造,住宅,住宅,,,,近隣商業地域,80.0,200.0,2016年第2四半期,,,6.342422680822207
31001678,中古マンション等,,31201,鳥取県,鳥取市,富安,鳥取,8,４ＬＤＫ,100,,,,平成18年,ＲＣ,住宅,住宅,,,,商業地域,80.0,400.0,2018年第3四半期,,,7.361727836017593
31000593,中古マンション等,,31201,鳥取県,鳥取市,行徳,鳥取,8,３ＬＤＫ,65,,,,,ＲＣ,,住宅,,,,近隣商業地域,80.0,300.0,2019年第4四半期,改装済,,7.0
31012669,中古マンション等,,31201,鳥取県,鳥取市,湖山町西,鳥取大学前,5,１Ｋ,15,,,,平成3年,ＳＲＣ,住宅,,,,,近隣商業地域,80.0,200.0,2011年第3四半期,未改装,,6.3979400086720375
31004413,中古マンション等,,31202,鳥取県,米子市,東福原,米子,30分?60分,３ＬＤＫ,65,,,,平成17年,ＲＣ,,住宅,,,,第１種住居地域,60.0,200.0,2018年第1四半期,未改装,,7.146128035678238
31010794,中古マンション等,,31201,鳥取県,鳥取市,富安,鳥取,11,３ＬＤＫ,65,,,,平成16年,ＲＣ,住宅,,,,,準工業地域,60.0,200.0,2010年第4四半期,未改装,調停・競売等,6.977723605288848
31012137,中古マンション等,,31201,鳥取県,鳥取市,永楽温泉町,鳥取,9,４ＬＤＫ,80,,,,平成15年,ＳＲＣ,住宅,,,,,商業地域,80.0,400.0,2011年第4四半期,未改装,,7.230448921378274
31004824,中古マンション等,,31202,鳥取県,米子市,米原,後藤,4,２ＬＤＫ,60,,,,平成27年,,,住宅,,,,準工業地域,60.0,200.0,2021年第2四半期,,,7.230448921378274
31003206,中古マンション等,,31202,鳥取県,米子市,角盤町,米子,13,１ＤＫ,45,,,,平成3年,ＳＲＣ,住宅,住宅,,,,商業地域,80.0,400.0,2018年第1四半期,未改装,,6.778151250383644
31017408,中古マンション等,,31201,鳥取県,鳥取市,吉成,鳥取,15,３ＬＤＫ,70,,,,平成10年,ＲＣ,住宅,住宅,,,,第１種住居地域,60.0,200.0,2016年第4四半期,改装済,,7.146128035678238
31012065,中古マンション等,,31202,鳥取県,米子市,米原,後藤,6,３ＬＤＫ,70,,,,平成20年,ＲＣ,住宅,,,,,準工業地域,60.0,200.0,2010年第3四半期,未改装,,7.079181246047625
31003095,中古マンション等,,31202,鳥取県,米子市,皆生温泉,東山公園(鳥取),30分?60分,１Ｋ,25,,,,昭和59年,鉄骨造,住宅,その他,,,,商業地域,80.0,400.0,2021年第4四半期,未改装,,5.698970004336019
31003828,中古マンション等,,31202,鳥取県,米子市,道笑町,米子,20,３ＬＤＫ,65,,,,,ＲＣ,住宅,住宅,,,,準住居地域,60.0,200.0,2020年第4四半期,改装済,,7.230448921378274
31004348,中古マンション等,,31202,鳥取県,米子市,東町,米子,6,３ＬＤＫ,80,,,,平成21年,ＲＣ,住宅,住宅,,,,商業地域,80.0,500.0,2017年第1四半期,未改装,,7.431363764158987
31015695,中古マンション等,,31202,鳥取県,米子市,錦町,後藤,7,２ＬＤＫ,55,,,,平成7年,ＲＣ,住宅,住宅,,,,近隣商業地域,80.0,300.0,2015年第2四半期,未改装,,7.041392685158225
31010194,中古マンション等,,31202,鳥取県,米子市,上福原,東山公園(鳥取),21,３ＬＤＫ,65,,,,平成6年,ＳＲＣ,住宅,,,,,第１種中高層住居専用地域,60.0,200.0,2014年第1四半期,未改装,,6.991226075692495
31022475,中古マンション等,,31202,鳥取県,米子市,皆生温泉,米子,1H?1H30,２Ｋ,40,,,,昭和49年,ＲＣ,住宅,,,,,商業地域,80.0,400.0,2009年第3四半期,未改装,,6.301029995663981
31018062,中古マンション等,,31202,鳥取県,米子市,錦町,後藤,3,４ＤＫ,70,,,,昭和59年,ＳＲＣ,住宅,,,,,近隣商業地域,80.0,300.0,2012年第4四半期,未改装,,6.778151250383644
31010565,中古マンション等,,31202,鳥取県,米子市,旗ヶ崎,米子,30分?60分,３ＬＤＫ,70,,,,平成12年,ＲＣ,住宅,,,,,第１種住居地域,60.0,200.0,2014年第4四半期,改装済,,7.079181246047625
31016400,中古マンション等,,31201,鳥取県,鳥取市,湖山町西,鳥取大学前,5,１Ｋ,20,,,,平成3年,ＳＲＣ,住宅,住宅,,,,近隣商業地域,80.0,200.0,2016年第4四半期,未改装,,6.380211241711606
31011757,中古マンション等,,31202,鳥取県,米子市,錦町,後藤,7,４ＬＤＫ,70,,,,昭和59年,ＳＲＣ,住宅,,,,,近隣商業地域,80.0,300.0,2010年第1四半期,改装済,,6.698970004336019
31003140,中古マンション等,,31202,鳥取県,米子市,皆生温泉,米子,1H?1H30,３ＬＤＫ,80,,,,平成13年,ＲＣ,住宅,住宅,,,,第１種住居地域,60.0,200.0,2018年第1四半期,未改装,,7.113943352306837
31017512,中古マンション等,,31202,鳥取県,米子市,皆生,米子,1H?1H30,４ＬＤＫ,85,,,,平成21年,ＲＣ,住宅,,,,,第２種中高層住居専用地域,60.0,200.0,2012年第3四半期,未改装,,7.278753600952829
31004833,中古マンション等,,31202,鳥取県,米子市,米原,後藤,16,４ＬＤＫ,85,,,,平成12年,ＲＣ,,住宅,,,,第１種住居地域,60.0,200.0,2020年第1四半期,,,7.176091259055681
31015740,中古マンション等,,31202,鳥取県,米子市,東町,米子,6,４ＬＤＫ,90,,,,平成21年,ＲＣ,住宅,住宅,,,,商業地域,80.0,500.0,2015年第1四半期,未改装,,7.431363764158987
31003122,中古マンション等,,31202,鳥取県,米子市,皆生温泉,米子,1H?1H30,１Ｋ,20,,,,昭和53年,ＳＲＣ,住宅,住宅,,,,第１種住居地域,60.0,200.0,2021年第1四半期,未改装,,5.477121254719663
31016343,中古マンション等,,31201,鳥取県,鳥取市,寿町,鳥取,15,３ＬＤＫ,70,,,,平成16年,ＲＣ,住宅,住宅,,,,第１種住居地域,60.0,200.0,2016年第3四半期,未改装,,7.2552725051033065
31000594,中古マンション等,,31201,鳥取県,鳥取市,行徳,鳥取,8,２ＬＤＫ,65,,,,平成16年,ＲＣ,住宅,住宅,,,,近隣商業地域,80.0,300.0,2019年第4四半期,未改装,,7.146128035678238
31003082,中古マンション等,,31202,鳥取県,米子市,皆生,米子,1H?1H30,３ＬＤＫ,85,,,,,,住宅,,,,,,,,2019年第1四半期,,,7.462397997898956
31003363,中古マンション等,,31202,鳥取県,米子市,加茂町,米子,15,４ＬＤＫ,70,,,,,,,事務所,,,,商業地域,80.0,400.0,2021年第2四半期,,,6.892094602690481
31003368,中古マンション等,,31202,鳥取県,米子市,加茂町,米子,15,４ＬＤＫ,70,,,,平成7年,ＲＣ,住宅,住宅,,,,商業地域,80.0,400.0,2019年第1四半期,未改装,,6.929418925714293
31018049,中古マンション等,,31202,鳥取県,米子市,道笑町,米子,15,３ＬＤＫ,70,,,,平成7年,ＲＣ,住宅,住宅,,,,近隣商業地域,80.0,300.0,2016年第1四半期,未改装,,6.9344984512435675
31016020,中古マンション等,,31202,鳥取県,米子市,米原,米子,30分?60分,３ＬＤＫ,75,,,,平成12年,ＲＣ,住宅,住宅,,,,第１種住居地域,60.0,200.0,2015年第1四半期,未改装,,7.113943352306837
31003291,中古マンション等,,31202,鳥取県,米子市,上福原,米子,30分?60分,３ＬＤＫ,70,,,,,ＳＲＣ,住宅,住宅,,,,第１種中高層住居専用地域,60.0,200.0,2021年第4四半期,未改装,,6.903089986991944
31009942,中古マンション等,,31201,鳥取県,鳥取市,南吉方,鳥取,14,２ＬＤＫ,60,,,,平成14年,ＲＣ,住宅,住宅,,,,準工業地域,60.0,200.0,2014年第2四半期,未改装,,7.041392685158225
31011689,中古マンション等,,31202,鳥取県,米子市,道笑町,米子,21,３ＬＤＫ,65,,,,平成14年,ＲＣ,住宅,,,,,第１種住居地域,60.0,200.0,2010年第4四半期,未改装,,7.230448921378274
31022322,中古マンション等,,31201,鳥取県,鳥取市,南町,鳥取,9,４ＬＤＫ,90,,,,平成12年,ＳＲＣ,住宅,,,,,商業地域,80.0,400.0,2009年第3四半期,改装済,,7.079181246047625
31004873,中古マンション等,,31202,鳥取県,米子市,米原,米子,30分?60分,３ＬＤＫ,70,,,,平成27年,ＲＣ,,住宅,,,,準工業地域,60.0,200.0,2021年第1四半期,,,7.361727836017593
31015897,中古マンション等,,31201,鳥取県,鳥取市,永楽温泉町,鳥取,8,４ＬＤＫ,115,,,,平成18年,ＲＣ,住宅,住宅,,,,商業地域,80.0,400.0,2016年第2四半期,未改装,,7.477121254719663
31013949,中古マンション等,,31202,鳥取県,米子市,目久美町,米子,14,３ＬＤＫ,60,,,,平成6年,ＲＣ,住宅,,,,,準工業地域,60.0,200.0,2011年第3四半期,改装済,,6.799340549453582
31000554,中古マンション等,,31201,鳥取県,鳥取市,瓦町,鳥取,6,３ＬＤＫ,65,,,,平成8年,,,住宅,,,,商業地域,80.0,400.0,2021年第2四半期,改装済,,7.146128035678238
31011763,中古マンション等,,31202,鳥取県,米子市,錦町,米子,28,３ＬＤＫ,60,,,,平成5年,ＲＣ,住宅,,,,,近隣商業地域,80.0,300.0,2010年第3四半期,改装済,,6.785329835010767
31010610,中古マンション等,,31201,鳥取県,鳥取市,湖山町西,鳥取大学前,5,１Ｋ,15,,,,平成3年,ＳＲＣ,住宅,,,,,近隣商業地域,80.0,200.0,2010年第1四半期,,,6.113943352306837
31010112,中古マンション等,,31202,鳥取県,米子市,皆生温泉,米子,1H?1H30,１Ｋ,20,,,,昭和53年,ＳＲＣ,住宅,住宅,,,,第２種中高層住居専用地域,60.0,200.0,2014年第3四半期,未改装,,5.954242509439325
31004829,中古マンション等,,31202,鳥取県,米子市,米原,後藤,4,３ＬＤＫ,70,,,,,ＲＣ,,住宅,,,,準工業地域,60.0,200.0,2020年第2四半期,,,7.380211241711606
31002491,中古マンション等,,31201,鳥取県,鳥取市,元町,鳥取,9,４ＬＤＫ,80,,,,平成19年,ＲＣ,住宅,住宅,,,,商業地域,80.0,400.0,2019年第4四半期,未改装,,7.361727836017593
31017626,中古マンション等,,31202,鳥取県,米子市,皆生温泉,米子,1H?1H30,２ＤＫ,35,,,,昭和51年,鉄骨造,住宅,住宅,,,,商業地域,80.0,400.0,2016年第4四半期,未改装,,6.3979400086720375
31010224,中古マンション等,,31202,鳥取県,米子市,加茂町,米子,17,３ＬＤＫ,60,,,,平成7年,ＲＣ,住宅,,,,,商業地域,80.0,400.0,2014年第1四半期,未改装,,6.8061799739838875
31010531,中古マンション等,,31202,鳥取県,米子市,西福原,米子,30分?60分,２ＬＤＫ,60,,,,平成16年,ＲＣ,住宅,住宅,,,,第１種中高層住居専用地域,60.0,200.0,2014年第3四半期,未改装,,7.230448921378274
31022737,中古マンション等,,31202,鳥取県,米子市,米原,後藤,2,３ＬＤＫ,60,,,,昭和55年,ＳＲＣ,住宅,,,,,第１種住居地域,60.0,200.0,2009年第3四半期,,,6.633468455579586
31015739,中古マンション等,,31202,鳥取県,米子市,東町,米子,8,３ＬＤＫ,85,,,,平成15年,ＳＲＣ,住宅,住宅,,,,商業地域,80.0,400.0,2015年第2四半期,,,7.447158031342219
31004105,中古マンション等,,31202,鳥取県,米子市,錦町,米子,30分?60分,３ＬＤＫ,75,,,,,,,住宅,,,,近隣商業地域,80.0,300.0,2022年第1四半期,改装済,,7.176091259055681
31012121,中古マンション等,,31202,鳥取県,米子市,米原,米子,30分?60分,３ＬＤＫ,80,,,,平成22年,ＲＣ,住宅,,,,,準工業地域,60.0,200.0,2010年第2四半期,改装済,,7.278753600952829
31024555,中古マンション等,,31202,鳥取県,米子市,皆生温泉,米子,1H?1H30,１Ｋ,25,,,,昭和53年,ＳＲＣ,住宅,,,,,第１種住居地域,60.0,200.0,2007年第3四半期,未改装,,6.518513939877887
31010197,中古マンション等,,31202,鳥取県,米子市,上福原,富士見町(鳥取),23,３ＬＤＫ,60,,,,平成6年,ＳＲＣ,住宅,,,,,第１種中高層住居専用地域,60.0,200.0,2014年第1四半期,未改装,,6.913813852383717
31022740,中古マンション等,,31202,鳥取県,米子市,米原,後藤,20,３ＬＤＫ,65,,,,平成20年,ＲＣ,住宅,,,,,準工業地域,60.0,200.0,2009年第1四半期,,,7.204119982655925
31004098,中古マンション等,,31202,鳥取県,米子市,錦町,後藤,6,３ＬＤＫ,70,,,,平成7年,ＲＣ,住宅,住宅,,,,近隣商業地域,80.0,300.0,2017年第4四半期,未改装,,7.0
31000988,中古マンション等,,31201,鳥取県,鳥取市,湖山町北,鳥取大学前,4,１Ｋ,20,,,,昭和63年,鉄骨造,住宅,住宅,,,,近隣商業地域,80.0,200.0,2017年第1四半期,改装済,,6.3222192947339195
31002267,中古マンション等,,31201,鳥取県,鳥取市,南町,鳥取,8,３ＤＫ,60,,,,昭和64年,ＳＲＣ,住宅,住宅,,,,近隣商業地域,80.0,300.0,2021年第3四半期,未改装,,6.732393759822968
31011227,中古マンション等,,31201,鳥取県,鳥取市,吉方,鳥取,13,３ＬＤＫ,70,,,,平成8年,ＲＣ,住宅,,,,,準工業地域,60.0,200.0,2010年第4四半期,未改装,調停・競売等,6.939519252618618
31000205,中古マンション等,,31201,鳥取県,鳥取市,扇町,鳥取,3,２ＬＤＫ,65,,,,平成16年,ＳＲＣ,住宅,住宅,,,,商業地域,80.0,400.0,2022年第1四半期,未改装,,7.230448921378274
31001137,中古マンション等,,31201,鳥取県,鳥取市,栄町,鳥取,3,３ＬＤＫ,65,,,,平成20年,ＳＲＣ,,住宅,,,,商業地域,80.0,600.0,2022年第1四半期,,,7.3222192947339195
31002273,中古マンション等,,31201,鳥取県,鳥取市,南町,鳥取,5,３ＬＤＫ,50,,,,昭和64年,ＳＲＣ,住宅,住宅,,,,近隣商業地域,80.0,300.0,2019年第2四半期,改装済,,6.886490725172482
31001014,中古マンション等,,31201,鳥取県,鳥取市,湖山町西,鳥取大学前,5,１Ｋ,20,,,,平成3年,ＳＲＣ,住宅,住宅,,,,近隣商業地域,80.0,200.0,2019年第2四半期,未改装,,6.518513939877887
31001610,中古マンション等,,31201,鳥取県,鳥取市,寺町,鳥取,12,２ＬＤＫ,50,,,,平成3年,ＲＣ,住宅,住宅,,,,近隣商業地域,80.0,400.0,2018年第4四半期,未改装,,6.812913356642856
31001130,中古マンション等,,31201,鳥取県,鳥取市,幸町,鳥取,4,３ＬＤＫ,80,,,,平成20年,ＲＣ,住宅,住宅,,,,近隣商業地域,80.0,300.0,2021年第1四半期,,,7.278753600952829
31013950,中古マンション等,,31202,鳥取県,米子市,目久美町,米子,14,,60,,,,平成6年,ＲＣ,住宅,,,,,準工業地域,60.0,200.0,2011年第2四半期,未改装,,6.778151250383644
31020706,中古マンション等,,31201,鳥取県,鳥取市,吉方温泉,鳥取,8,３ＬＤＫ,65,,,,平成18年,ＲＣ,住宅,,,,,商業地域,80.0,400.0,2013年第1四半期,未改装,,7.230448921378274
31003349,中古マンション等,,31202,鳥取県,米子市,上福原,米子,30分?60分,３ＬＤＫ,65,,,,平成6年,ＳＲＣ,住宅,住宅,,,,第１種中高層住居専用地域,60.0,200.0,2017年第2四半期,未改装,,6.954242509439325
31003146,中古マンション等,,31202,鳥取県,米子市,皆生温泉,米子,1H?1H30,２ＤＫ,35,,,,昭和51年,鉄骨造,住宅,住宅,,,,商業地域,80.0,400.0,2017年第4四半期,未改装,,6.041392685158225
31002572,中古マンション等,,31201,鳥取県,鳥取市,吉方,鳥取,13,２ＬＤＫ,60,,,,平成11年,ＳＲＣ,,住宅,,,,準工業地域,60.0,200.0,2021年第3四半期,,,6.977723605288848
31012663,中古マンション等,,31201,鳥取県,鳥取市,湖山町西,鳥取大学前,4,１Ｋ,25,,,,平成3年,ＳＲＣ,住宅,,,,,近隣商業地域,80.0,200.0,2011年第4四半期,未改装,,6.414973347970818
31003207,中古マンション等,,31202,鳥取県,米子市,角盤町,米子,16,２ＬＤＫ,60,,,,平成12年,ＳＲＣ,住宅,住宅,,,,商業地域,80.0,400.0,2018年第1四半期,未改装,,7.041392685158225
31000592,中古マンション等,,31201,鳥取県,鳥取市,行徳,鳥取,9,３ＬＤＫ,70,,,,,ＲＣ,,住宅,,,,近隣商業地域,80.0,300.0,2019年第4四半期,,,7.278753600952829
31020930,中古マンション等,,31202,鳥取県,米子市,道笑町,米子,18,３ＬＤＫ,70,,,,平成7年,ＲＣ,住宅,,,,,近隣商業地域,80.0,300.0,2013年第2四半期,未改装,,7.113943352306837
31020437,中古マンション等,,31201,鳥取県,鳥取市,湖山町西,鳥取大学前,4,２ＬＤＫ,35,,,,平成3年,ＳＲＣ,住宅,,,,,近隣商業地域,80.0,200.0,2013年第3四半期,未改装,,6.505149978319906
31012120,中古マンション等,,31202,鳥取県,米子市,米原,米子,30分?60分,３ＬＤＫ,70,,,,平成20年,ＲＣ,住宅,,,,,準工業地域,60.0,200.0,2010年第2四半期,未改装,,7.3222192947339195
31017601,中古マンション等,,31202,鳥取県,米子市,皆生,米子,1H?1H30,２ＬＤＫ,80,,,,平成21年,ＲＣ,住宅,住宅,,,,第２種中高層住居専用地域,60.0,200.0,2016年第3四半期,未改装,,7.361727836017593
31012671,中古マンション等,,31201,鳥取県,鳥取市,湖山町西,鳥取大学前,4,１Ｋ,20,,,,平成3年,ＳＲＣ,住宅,,,,,近隣商業地域,80.0,200.0,2011年第2四半期,,,6.3979400086720375
31004341,中古マンション等,,31202,鳥取県,米子市,東町,米子,9,３ＬＤＫ,70,,,,平成15年,ＳＲＣ,住宅,住宅,,,,商業地域,80.0,500.0,2019年第2四半期,改装済,,7.278753600952829
31012114,中古マンション等,,31202,鳥取県,米子市,米原,米子,30分?60分,３ＬＤＫ,80,,,,平成22年,ＲＣ,住宅,,,,,準工業地域,60.0,200.0,2010年第3四半期,改装済,,7.278753600952829
31020436,中古マンション等,,31201,鳥取県,鳥取市,湖山町西,鳥取大学前,4,２ＤＫ,40,,,,平成3年,ＳＲＣ,住宅,,,,,近隣商業地域,80.0,200.0,2013年第3四半期,未改装,,6.544068044350276
31012918,中古マンション等,,31201,鳥取県,鳥取市,末広温泉町,鳥取,9,３ＬＤＫ,70,,,,平成9年,ＳＲＣ,住宅,,,,,商業地域,80.0,400.0,2011年第4四半期,未改装,,6.963787827345556
31010605,中古マンション等,,31201,鳥取県,鳥取市,湖山町西,鳥取大学前,5,１Ｋ,20,,,,平成3年,ＳＲＣ,住宅,,,,,近隣商業地域,80.0,200.0,2010年第4四半期,未改装,調停・競売等,6.556302500767288
31009738,中古マンション等,,31201,鳥取県,鳥取市,栄町,鳥取,6,３ＬＤＫ,70,,,,平成14年,ＳＲＣ,住宅,住宅,,,,商業地域,80.0,400.0,2014年第2四半期,,,7.2552725051033065
31004266,中古マンション等,,31202,鳥取県,米子市,旗ヶ崎,米子,29,,65,,,,平成10年,ＲＣ,,住宅,,,,第１種住居地域,60.0,200.0,2022年第1四半期,,,7.146128035678238
31002492,中古マンション等,,31201,鳥取県,鳥取市,元町,鳥取,10,３ＬＤＫ,70,,,,平成19年,ＲＣ,住宅,住宅,,,,商業地域,80.0,400.0,2018年第3四半期,,,7.3222192947339195
31024312,中古マンション等,,31201,鳥取県,鳥取市,南町,鳥取,8,３ＬＤＫ,65,,,,昭和64年,ＳＲＣ,住宅,,,,,近隣商業地域,80.0,300.0,2007年第4四半期,未改装,,6.845098040014257
31003834,中古マンション等,,31202,鳥取県,米子市,道笑町,米子,15,３ＬＤＫ,80,,,,平成14年,,,住宅,,,,第１種住居地域,60.0,200.0,2019年第4四半期,,,7.176091259055681
31020960,中古マンション等,,31202,鳥取県,米子市,錦町,後藤,5,３ＬＤＫ,65,,,,平成8年,ＲＣ,住宅,,,,,近隣商業地域,80.0,300.0,2013年第4四半期,未改装,,7.079181246047625
31011102,中古マンション等,,31201,鳥取県,鳥取市,南町,鳥取,8,４ＬＤＫ,85,,,,平成12年,ＳＲＣ,住宅,,,,,商業地域,80.0,400.0,2010年第2四半期,改装済,,7.146128035678238
31020642,中古マンション等,,31201,鳥取県,鳥取市,本町,鳥取,13,３ＤＫ,75,,,,,ＳＲＣ,住宅,,,,,商業地域,80.0,400.0,2013年第4四半期,改装済,,6.903089986991944
31012123,中古マンション等,,31202,鳥取県,米子市,米原,米子,30分?60分,３ＬＤＫ,80,,,,平成22年,ＲＣ,住宅,,,,,準工業地域,60.0,200.0,2010年第2四半期,未改装,,7.278753600952829
31004832,中古マンション等,,31202,鳥取県,米子市,米原,後藤,4,３ＬＤＫ,70,,,,平成29年,ＲＣ,,,,,,準工業地域,60.0,200.0,2020年第1四半期,,,7.342422680822207
31003336,中古マンション等,,31202,鳥取県,米子市,上福原,米子,30分?60分,３ＬＤＫ,70,,,,平成6年,ＳＲＣ,住宅,住宅,,,,第１種中高層住居専用地域,60.0,200.0,2018年第2四半期,未改装,,7.113943352306837
31004095,中古マンション等,,31202,鳥取県,米子市,錦町,後藤,3,３ＬＤＫ,65,,,,平成5年,,,住宅,,,,第１種住居地域,60.0,200.0,2018年第2四半期,改装済,,6.863322860120456
31003229,中古マンション等,,31202,鳥取県,米子市,上後藤,三本松口,6,３ＬＤＫ,75,,,,平成11年,ＲＣ,,住宅,,,,第１種中高層住居専用地域,60.0,200.0,2019年第3四半期,,,7.2552725051033065
31001142,中古マンション等,,31201,鳥取県,鳥取市,栄町,鳥取,2,３ＬＤＫ,75,,,,,ＳＲＣ,,住宅,,,,商業地域,80.0,600.0,2019年第4四半期,未改装,,7.380211241711606
31011752,中古マンション等,,31202,鳥取県,米子市,錦町,後藤,5,３ＬＤＫ,75,,,,平成8年,ＲＣ,住宅,,,,,近隣商業地域,80.0,300.0,2010年第4四半期,未改装,,6.986771734266245
31004343,中古マンション等,,31202,鳥取県,米子市,東町,米子,6,３ＬＤＫ,75,,,,平成21年,ＲＣ,住宅,住宅,,,,商業地域,80.0,500.0,2018年第3四半期,改装済,,7.278753600952829
31002271,中古マンション等,,31201,鳥取県,鳥取市,南町,鳥取,9,４ＬＤＫ,90,,,,,ＳＲＣ,,住宅,,,,近隣商業地域,80.0,300.0,2019年第3四半期,,,6.778151250383644
31020718,中古マンション等,,31201,鳥取県,鳥取市,吉成,鳥取,20,３ＬＤＫ,75,,,,平成12年,ＲＣ,住宅,,,,,準工業地域,60.0,200.0,2013年第3四半期,,,7.079181246047625
31013505,中古マンション等,,31202,鳥取県,米子市,上福原,米子,30分?60分,３ＬＤＫ,60,,,,平成6年,ＳＲＣ,住宅,,,,,第１種中高層住居専用地域,60.0,200.0,2011年第3四半期,改装済,,6.903089986991944
31002382,中古マンション等,,31201,鳥取県,鳥取市,宮長,鳥取,30分?60分,３ＬＤＫ,70,,,,,ＲＣ,,住宅,,,,準工業地域,60.0,200.0,2019年第4四半期,未改装,,7.204119982655925
31002269,中古マンション等,,31201,鳥取県,鳥取市,南町,鳥取,7,,70,,,,,,,住宅,,,,近隣商業地域,80.0,300.0,2020年第3四半期,未改装,,6.944482672150168
31015587,中古マンション等,,31202,鳥取県,米子市,上福原,米子,30分?60分,３ＬＤＫ,60,,,,平成6年,ＳＲＣ,住宅,住宅,,,,第１種中高層住居専用地域,60.0,200.0,2015年第3四半期,未改装,,6.8750612633917
31003129,中古マンション等,,31202,鳥取県,米子市,皆生温泉,米子,1H?1H30,１Ｋ,20,,,,,ＳＲＣ,,,,,,第１種住居地域,60.0,200.0,2019年第4四半期,改装済,,6.230448921378274
31010604,中古マンション等,,31201,鳥取県,鳥取市,湖山町西,鳥取大学前,9,１Ｋ,20,,,,平成3年,ＳＲＣ,住宅,,,,,近隣商業地域,80.0,200.0,2010年第4四半期,未改装,調停・競売等,6.556302500767288
31001607,中古マンション等,,31201,鳥取県,鳥取市,寺町,鳥取,12,２ＬＤＫ,55,,,,平成3年,ＲＣ,,住宅,,,,近隣商業地域,80.0,300.0,2020年第2四半期,,,6.845098040014257
31011574,中古マンション等,,31202,鳥取県,米子市,観音寺新町,米子,30分?60分,３ＬＤＫ,70,,,,平成19年,ＲＣ,住宅,,,,,第２種中高層住居専用地域,60.0,200.0,2010年第4四半期,未改装,調停・競売等,7.113943352306837
31009772,中古マンション等,,31201,鳥取県,鳥取市,末広温泉町,鳥取,9,４ＬＤＫ,80,,,,平成9年,ＳＲＣ,住宅,,,,,商業地域,80.0,400.0,2014年第1四半期,未改装,,7.176091259055681
31025016,中古マンション等,,31202,鳥取県,米子市,米原,後藤,4,３ＬＤＫ,70,,,,平成2年,ＳＲＣ,住宅,,,,,第１種住居地域,60.0,200.0,2008年第1四半期,未改装,調停・競売等,6.707570176097937
31015732,中古マンション等,,31202,鳥取県,米子市,旗ヶ崎,米子,30分?60分,２ＬＤＫ,65,,,,平成10年,ＲＣ,住宅,住宅,,,,第１種住居地域,60.0,200.0,2015年第2四半期,未改装,,7.041392685158225
31001132,中古マンション等,,31201,鳥取県,鳥取市,幸町,鳥取,5,３ＬＤＫ,80,,,,平成20年,ＲＣ,住宅,その他,,,,近隣商業地域,60.0,300.0,2020年第1四半期,未改装,,7.176091259055681
31012993,中古マンション等,,31201,鳥取県,鳥取市,天神町,鳥取,8,３ＬＤＫ,65,,,,平成17年,ＲＣ,住宅,,,,,準工業地域,60.0,200.0,2011年第2四半期,未改装,,7.176091259055681
31011938,中古マンション等,,31201,鳥取県,鳥取市,青葉町,鳥取,30分?60分,４ＬＤＫ,95,,,,平成20年,ＲＣ,住宅,,,,,近隣商業地域,80.0,200.0,2011年第4四半期,未改装,,7.3222192947339195
31010159,中古マンション等,,31202,鳥取県,米子市,上後藤,三本松口,6,３ＬＤＫ,65,,,,平成19年,ＲＣ,住宅,,,,,第２種中高層住居専用地域,60.0,200.0,2014年第1四半期,未改装,調停・競売等,7.041392685158225
31016807,中古マンション等,,31201,鳥取県,鳥取市,富安,鳥取,10,３ＬＤＫ,65,,,,平成14年,ＲＣ,住宅,,,,,準工業地域,60.0,200.0,2012年第4四半期,改装済,,7.146128035678238
31018557,中古マンション等,,31202,鳥取県,米子市,米原,後藤,4,３ＬＤＫ,65,,,,平成2年,ＳＲＣ,住宅,事務所,,,,第１種住居地域,60.0,200.0,2016年第1四半期,未改装,,6.929418925714293
31001365,中古マンション等,,31201,鳥取県,鳥取市,末広温泉町,鳥取,8,３ＬＤＫ,65,,,,平成9年,ＳＲＣ,,住宅,,,,商業地域,80.0,400.0,2019年第3四半期,未改装,,7.079181246047625
31022743,中古マンション等,,31202,鳥取県,米子市,米原,米子,30分?60分,３ＬＤＫ,70,,,,平成20年,ＲＣ,住宅,,,,,準工業地域,60.0,200.0,2009年第4四半期,未改装,,7.278753600952829
31003196,中古マンション等,,31202,鳥取県,米子市,角盤町,米子,13,２ＤＫ,45,,,,平成3年,ＳＲＣ,住宅,住宅,,,,商業地域,80.0,400.0,2020年第2四半期,未改装,,6.919078092376074
31000604,中古マンション等,,31201,鳥取県,鳥取市,行徳,鳥取,10,２ＬＤＫ,85,,,,平成21年,,,その他,,,,近隣商業地域,80.0,300.0,2018年第1四半期,未改装,,7.361727836017593
31004104,中古マンション等,,31202,鳥取県,米子市,錦町,後藤,3,３ＬＤＫ,65,,,,平成5年,ＲＣ,住宅,その他,,,,近隣商業地域,80.0,300.0,2017年第2四半期,改装済,,6.949390006644912
31016005,中古マンション等,,31201,鳥取県,鳥取市,川端,鳥取,12,３ＬＤＫ,70,,,,平成16年,ＳＲＣ,住宅,,,,,近隣商業地域,80.0,300.0,2012年第4四半期,未改装,,7.230448921378274
31017576,中古マンション等,,31202,鳥取県,米子市,角盤町,博労町,7,３ＬＤＫ,70,,,,平成12年,ＳＲＣ,住宅,,,,,商業地域,80.0,400.0,2012年第4四半期,未改装,,7.041392685158225
31003367,中古マンション等,,31202,鳥取県,米子市,加茂町,米子,15,３ＬＤＫ,60,,,,平成7年,ＲＣ,住宅,住宅,,,,商業地域,80.0,400.0,2019年第1四半期,未改装,,6.939519252618618
31018414,中古マンション等,,31202,鳥取県,米子市,米原,後藤,3,２ＬＤＫ,70,,,,平成17年,ＲＣ,住宅,,,,,近隣商業地域,80.0,300.0,2012年第4四半期,未改装,,7.113943352306837
31018416,中古マンション等,,31202,鳥取県,米子市,米原,後藤,6,３ＬＤＫ,70,,,,昭和53年,ＳＲＣ,住宅,,,,,準工業地域,60.0,200.0,2012年第3四半期,改装済,,6.6020599913279625
31010108,中古マンション等,,31202,鳥取県,米子市,皆生温泉,米子,1H?1H30,２Ｋ,30,,,,昭和49年,ＲＣ,住宅,,,,,商業地域,80.0,400.0,2014年第4四半期,,,6.2552725051033065
31010578,中古マンション等,,31202,鳥取県,米子市,東町,米子,6,２ＬＤＫ,70,,,,平成22年,ＲＣ,住宅,,,,,商業地域,80.0,500.0,2014年第1四半期,未改装,,7.342422680822207
31015501,中古マンション等,,31202,鳥取県,米子市,安倍,三本松口,25,３ＬＤＫ,70,,,,平成18年,ＲＣ,住宅,住宅,,,,第１種住居地域,60.0,200.0,2015年第1四半期,未改装,,7.2552725051033065
31003344,中古マンション等,,31202,鳥取県,米子市,上福原,米子,30分?60分,３ＬＤＫ,65,,,,平成6年,ＳＲＣ,,住宅,,,,第１種中高層住居専用地域,60.0,200.0,2017年第4四半期,改装済,,7.041392685158225
31004090,中古マンション等,,31202,鳥取県,米子市,錦町,後藤,5,４ＬＤＫ,80,,,,平成8年,ＲＣ,,その他,,,,近隣商業地域,80.0,300.0,2019年第1四半期,未改装,,7.079181246047625
31002576,中古マンション等,,31201,鳥取県,鳥取市,吉方,鳥取,13,４ＬＤＫ,75,,,,平成8年,ＲＣ,,住宅,,,,準工業地域,60.0,200.0,2019年第3四半期,未改装,,7.230448921378274
31015859,中古マンション等,,31201,鳥取県,鳥取市,扇町,鳥取,4,４ＬＤＫ,85,,,,平成15年,ＳＲＣ,住宅,,,,,商業地域,80.0,400.0,2012年第2四半期,未改装,,7.204119982655925
31015591,中古マンション等,,31202,鳥取県,米子市,上福原,米子,30分?60分,３ＬＤＫ,70,,,,平成6年,ＳＲＣ,住宅,住宅,,,,第１種中高層住居専用地域,60.0,200.0,2015年第2四半期,未改装,,6.991226075692495
31003112,中古マンション等,,31202,鳥取県,米子市,皆生温泉,米子,1H?1H30,,20,,,,昭和53年,ＳＲＣ,住宅,住宅,,,,第１種住居地域,60.0,200.0,2022年第1四半期,,,5.477121254719663
31002160,中古マンション等,,31201,鳥取県,鳥取市,本町,鳥取,13,３ＬＤＫ,65,,,,昭和64年,ＳＲＣ,,住宅,,,,商業地域,80.0,400.0,2021年第3四半期,,,6.799340549453582
31018211,中古マンション等,,31202,鳥取県,米子市,東福原,米子,30分?60分,２ＬＤＫ,60,,,,平成17年,ＲＣ,住宅,,,,,第１種住居地域,60.0,200.0,2012年第3四半期,未改装,,6.986771734266245
31024815,中古マンション等,,31202,鳥取県,米子市,西町,米子,14,３ＬＤＫ,75,,,,平成15年,ＳＲＣ,住宅,,,,,第１種住居地域,60.0,200.0,2007年第3四半期,改装済,,6.301029995663981
31004081,中古マンション等,,31202,鳥取県,米子市,錦町,後藤,6,２ＬＤＫ,55,,,,平成7年,ＲＣ,,住宅,,,,近隣商業地域,80.0,300.0,2020年第2四半期,,,6.913813852383717
31002274,中古マンション等,,31201,鳥取県,鳥取市,南町,鳥取,8,２ＬＤＫ,65,,,,平成12年,,,住宅,,,,商業地域,80.0,400.0,2017年第4四半期,未改装,,7.113943352306837
31020429,中古マンション等,,31201,鳥取県,鳥取市,湖山町北,鳥取大学前,3,１Ｋ,15,,,,昭和64年,鉄骨造,住宅,,,,,近隣商業地域,80.0,200.0,2013年第2四半期,未改装,,6.176091259055681
31016637,中古マンション等,,31201,鳥取県,鳥取市,末広温泉町,鳥取,9,３ＬＤＫ,65,,,,平成9年,ＳＲＣ,住宅,,,,,商業地域,80.0,400.0,2012年第3四半期,未改装,,6.991226075692495
31011398,中古マンション等,,31202,鳥取県,米子市,皆生温泉,米子,1H?1H30,１Ｋ,20,,,,昭和51年,鉄骨造,住宅,,,,,商業地域,80.0,400.0,2010年第1四半期,未改装,,6.079181246047625
31013412,中古マンション等,,31202,鳥取県,米子市,皆生温泉,米子,1H?1H30,１ＤＫ,20,,,,昭和51年,鉄骨造,住宅,,,,,商業地域,80.0,400.0,2011年第3四半期,未改装,,5.698970004336019
31022472,中古マンション等,,31202,鳥取県,米子市,皆生温泉,米子,1H?1H30,１Ｋ,20,,,,昭和53年,ＲＣ,住宅,,,,,第１種住居地域,60.0,200.0,2009年第4四半期,改装済,,6.361727836017593
31016408,中古マンション等,,31201,鳥取県,鳥取市,湖山町西,鳥取大学前,5,１Ｋ,20,,,,平成3年,ＳＲＣ,住宅,住宅,,,,近隣商業地域,80.0,200.0,2016年第2四半期,,,6.477121254719663
31022401,中古マンション等,,31201,鳥取県,鳥取市,吉成,鳥取,20,３ＬＤＫ,65,,,,平成12年,ＲＣ,住宅,,,,,準工業地域,60.0,200.0,2009年第2四半期,改装済,,7.041392685158225
31010212,中古マンション等,,31202,鳥取県,米子市,上福原,米子,30分?60分,３ＬＤＫ,65,,,,,ＳＲＣ,住宅,住宅,,,,第１種中高層住居専用地域,60.0,200.0,2014年第3四半期,未改装,,7.0
31000159,中古マンション等,,31201,鳥取県,鳥取市,永楽温泉町,鳥取,8,４ＬＤＫ,90,,,,平成18年,,,住宅,,,,商業地域,80.0,400.0,2017年第4四半期,未改装,,7.301029995663981
31012079,中古マンション等,,31202,鳥取県,米子市,米原,後藤,11,３ＬＤＫ,80,,,,平成22年,ＲＣ,住宅,,,,,準工業地域,,,2010年第3四半期,未改装,,7.230448921378274
31004148,中古マンション等,,31202,鳥取県,米子市,西福原,米子,30分?60分,４ＬＤＫ,85,,,,平成12年,ＲＣ,,住宅,,,,第１種住居地域,60.0,200.0,2020年第2四半期,未改装,,7.204119982655925
31024116,中古マンション等,,31201,鳥取県,鳥取市,富安,鳥取,8,３ＬＤＫ,75,,,,平成16年,ＲＣ,住宅,,,,,商業地域,80.0,400.0,2008年第2四半期,未改装,,7.278753600952829
31020462,中古マンション等,,31201,鳥取県,鳥取市,栄町,鳥取,3,３ＬＤＫ,75,,,,平成20年,ＳＲＣ,住宅,,,,,商業地域,80.0,600.0,2013年第1四半期,未改装,,7.361727836017593
